"";"clea.yr";"varmag";"sdmag";"memag";"UN";"country"
"1";1946;NA;NA;NA;234;"Faroe Islands"
"2";1946;NA;NA;NA;300;"Greece"
"3";1946;1,81349206349206;1,34665959451231;1,46428571428571;352;"Iceland"
"4";1946;0;0;1;36;"Australia"
"5";1946;NA;NA;NA;380;"Italy"
"6";1946;NA;NA;NA;528;"Netherlands"
"7";1946;0;0;1;554;"New Zealand"
"8";1946;NA;NA;NA;56;"Belgium"
"9";1946;0;0;1;608;"Philippines"
"10";1946;NA;NA;NA;840;"US"
"11";1947;0;0;1;144;"Sri Lanka"
"12";1947;NA;NA;NA;208;"Denmark"
"13";1947;0,672119068670793;0,819828682512873;3,98290598290598;392;"Japan"
"14";1947;0;0;5;470;"Malta"
"15";1947;NA;NA;NA;756;"Switzerland"
"16";1947;NA;NA;NA;76;"Brazil"
"17";1948;NA;NA;NA;246;"Finland"
"18";1948;NA;NA;NA;372;"Ireland"
"19";1948;NA;NA;NA;380;"Italy"
"20";1948;0;0;1;410;"Korea"
"21";1948;98;9,89949493661167;13;442;"Luxembourg"
"22";1948;NA;NA;NA;528;"Netherlands"
"23";1948;NA;NA;NA;752;"Sweden"
"24";1948;NA;NA;NA;840;"US"
"25";1949;0,00766260766260766;0,0875363219618443;1,00769230769231;124;"Canada"
"26";1949;0;0;1;276;"Germany"
"27";1949;1,81349206349206;1,34665959451231;1,46428571428571;352;"Iceland"
"28";1949;0;0;1;36;"Australia"
"29";1949;NA;NA;120;376;"Israel"
"30";1949;0;0;1;388;"Jamaica"
"31";1949;0,672119068670793;0,819828682512873;3,98290598290598;392;"Japan"
"32";1949;NA;NA;NA;40;"Austria"
"33";1949;NA;NA;NA;438;"Liechtenstein"
"34";1949;0;0;1;554;"New Zealand"
"35";1949;NA;NA;NA;56;"Belgium"
"36";1949;NA;NA;NA;578;"Norway"
"37";1949;0;0;1;608;"Philippines"
"38";1950;NA;NA;NA;208;"Denmark"
"39";1950;NA;NA;NA;234;"Faroe Islands"
"40";1950;0;0;1;410;"Korea"
"41";1950;0;0;5;470;"Malta"
"42";1950;NA;NA;NA;56;"Belgium"
"43";1950;NA;NA;NA;76;"Brazil"
"44";1950;NA;NA;NA;792;"Turkey"
"45";1950;0;0;1;826;"UK"
"46";1950;NA;NA;NA;840;"US"
"47";1951;NA;NA;NA;246;"Finland"
"48";1951;0;0;1;28;"Antigua and Barbuda"
"49";1951;NA;NA;NA;300;"Greece"
"50";1951;0;0;1;308;"Grenada"
"51";1951;0;0;1;36;"Australia"
"52";1951;NA;NA;NA;372;"Ireland"
"53";1951;NA;NA;120;376;"Israel"
"54";1951;18;4,24264068711928;13;442;"Luxembourg"
"55";1951;0;0;5;470;"Malta"
"56";1951;0;0;1;554;"New Zealand"
"57";1951;0;0;1;662;"Saint Lucia"
"58";1951;0;0;1;670;"St. Vincent and the Grenadines"
"59";1951;NA;NA;NA;756;"Switzerland"
"60";1951;0;0;1;826;"UK"
"61";1952;0;0;1;144;"Sri Lanka"
"62";1952;NA;NA;NA;300;"Greece"
"63";1952;0,672119068670793;0,819828682512873;3,98290598290598;392;"Japan"
"64";1952;NA;NA;NA;528;"Netherlands"
"65";1952;0;0;1;659;"Saint Kitts and Nevis"
"66";1952;NA;NA;NA;752;"Sweden"
"67";1952;NA;NA;NA;840;"US"
"68";1953;0,00757553768902563;0,0870375648155762;1,00760456273764;124;"Canada"
"69";1953;NA;NA;NA;188;"Costa Rica"
"70";1953;NA;NA;NA;208;"Denmark"
"71";1953;0;0;1;276;"Germany"
"72";1953;NA;NA;NA;328;"Guyana"
"73";1953;1,81349206349206;1,34665959451231;1,46428571428571;352;"Iceland"
"74";1953;NA;NA;NA;380;"Italy"
"75";1953;0,672119068670793;0,819828682512873;3,98290598290598;392;"Japan"
"76";1953;NA;NA;NA;40;"Austria"
"77";1953;NA;NA;NA;438;"Liechtenstein"
"78";1953;0;0;5;470;"Malta"
"79";1953;NA;NA;NA;578;"Norway"
"80";1953;0;0;1;608;"Philippines"
"81";1954;NA;NA;NA;234;"Faroe Islands"
"82";1954;NA;NA;NA;246;"Finland"
"83";1954;0;0;1;308;"Grenada"
"84";1954;0;0;1;36;"Australia"
"85";1954;NA;NA;NA;372;"Ireland"
"86";1954;0;0;1;410;"Korea"
"87";1954;38,6666666666667;6,21825270205921;13;442;"Luxembourg"
"88";1954;0;0;1;554;"New Zealand"
"89";1954;NA;NA;NA;56;"Belgium"
"90";1954;0;0;1;662;"Saint Lucia"
"91";1954;0;0;1;670;"St. Vincent and the Grenadines"
"92";1954;NA;NA;NA;76;"Brazil"
"93";1954;NA;NA;NA;792;"Turkey"
"94";1954;0;0;1;84;"Belize"
"95";1954;NA;NA;NA;840;"US"
"96";1954;NA;NA;NA;858;"Uruguay"
"97";1955;0;0;1;36;"Australia"
"98";1955;NA;NA;120;376;"Israel"
"99";1955;0;0;1;388;"Jamaica"
"100";1955;0,741778936694191;0,861265891983533;3,95762711864407;392;"Japan"
"101";1955;0;0;5;470;"Malta"
"102";1955;NA;NA;NA;756;"Switzerland"
"103";1955;0;0;1;826;"UK"
"104";1956;0;0;1;144;"Sri Lanka"
"105";1956;0;0;1;28;"Antigua and Barbuda"
"106";1956;NA;NA;NA;300;"Greece"
"107";1956;1,81349206349206;1,34665959451231;1,46428571428571;352;"Iceland"
"108";1956;NA;NA;NA;40;"Austria"
"109";1956;NA;NA;NA;528;"Netherlands"
"110";1956;NA;NA;NA;752;"Sweden"
"111";1956;NA;NA;NA;840;"US"
"112";1957;0,00757553768902563;0,0870375648155762;1,00760456273764;124;"Canada"
"113";1957;NA;NA;NA;208;"Denmark"
"114";1957;0;0;1;276;"Germany"
"115";1957;0;0;1;308;"Grenada"
"116";1957;NA;NA;NA;328;"Guyana"
"117";1957;NA;NA;NA;372;"Ireland"
"118";1957;NA;NA;NA;438;"Liechtenstein"
"119";1957;0;0;1;554;"New Zealand"
"120";1957;NA;NA;NA;578;"Norway"
"121";1957;0;0;1;608;"Philippines"
"122";1957;0;0;1;659;"Saint Kitts and Nevis"
"123";1957;0;0;1;662;"Saint Lucia"
"124";1957;0;0;1;670;"St. Vincent and the Grenadines"
"125";1957;NA;NA;NA;792;"Turkey"
"126";1957;0;0;1;84;"Belize"
"127";1958;0,00757553768902563;0,0870375648155762;1,00760456273764;124;"Canada"
"128";1958;NA;NA;NA;188;"Costa Rica"
"129";1958;NA;NA;NA;234;"Faroe Islands"
"130";1958;NA;NA;NA;246;"Finland"
"131";1958;NA;NA;NA;300;"Greece"
"132";1958;0;0;1;36;"Australia"
"133";1958;NA;NA;NA;380;"Italy"
"134";1958;0,741778936694191;0,861265891983533;3,95762711864407;392;"Japan"
"135";1958;0;0;1;410;"Korea"
"136";1958;NA;NA;NA;438;"Liechtenstein"
"137";1958;NA;NA;NA;56;"Belgium"
"138";1958;NA;NA;NA;752;"Sweden"
"139";1958;NA;NA;NA;76;"Brazil"
"140";1958;NA;NA;NA;840;"US"
"141";1958;NA;NA;NA;858;"Uruguay"
"142";1959;1,81349206349206;1,34665959451231;1,46428571428571;352;"Iceland"
"143";1959;NA;NA;120;376;"Israel"
"144";1959;0;0;1;388;"Jamaica"
"145";1959;NA;NA;NA;40;"Austria"
"146";1959;38,6666666666667;6,21825270205921;13;442;"Luxembourg"
"147";1959;0;0;1;458;"Malaysia"
"148";1959;NA;NA;NA;528;"Netherlands"
"149";1959;NA;NA;NA;756;"Switzerland"
"150";1959;0;0;1;826;"UK"
"151";1959;NA;NA;NA;840;"US"
"152";1960;0;0;1;144;"Sri Lanka"
"153";1960;NA;NA;NA;208;"Denmark"
"154";1960;0;0;1;28;"Antigua and Barbuda"
"155";1960;0,741778936694191;0,861265891983533;3,95762711864407;392;"Japan"
"156";1960;0;0;1;410;"Korea"
"157";1960;0;0;1;554;"New Zealand"
"158";1960;NA;NA;NA;752;"Sweden"
"159";1960;NA;NA;NA;840;"US"
"160";1961;0;0;1;276;"Germany"
"161";1961;NA;NA;NA;300;"Greece"
"162";1961;0;0;1;308;"Grenada"
"163";1961;NA;NA;NA;328;"Guyana"
"164";1961;0;0;1;36;"Australia"
"165";1961;NA;NA;NA;372;"Ireland"
"166";1961;NA;NA;120;376;"Israel"
"167";1961;0;0;1;404;"Kenya"
"168";1961;NA;NA;NA;56;"Belgium"
"169";1961;NA;NA;NA;578;"Norway"
"170";1961;0;0;1;608;"Philippines"
"171";1961;0;0;1;659;"Saint Kitts and Nevis"
"172";1961;0;0;1;662;"Saint Lucia"
"173";1961;0;0;1;670;"St. Vincent and the Grenadines"
"174";1961;NA;NA;NA;792;"Turkey"
"175";1961;0;0;1;84;"Belize"
"176";1962;0,00757553768902563;0,0870375648155762;1,00760456273764;124;"Canada"
"177";1962;NA;NA;NA;188;"Costa Rica"
"178";1962;NA;NA;NA;214;"Dominican Republic"
"179";1962;NA;NA;NA;234;"Faroe Islands"
"180";1962;NA;NA;NA;246;"Finland"
"181";1962;0;0;1;308;"Grenada"
"182";1962;0;0;1;356;"India"
"183";1962;0;0;1;388;"Jamaica"
"184";1962;NA;NA;NA;40;"Austria"
"185";1962;NA;NA;NA;438;"Liechtenstein"
"186";1962;0;0;5;470;"Malta"
"187";1962;NA;NA;NA;76;"Brazil"
"188";1962;NA;NA;NA;840;"US"
"189";1962;NA;NA;NA;858;"Uruguay"
"190";1963;0,00757553768902563;0,0870375648155762;1,00760456273764;124;"Canada"
"191";1963;NA;NA;NA;300;"Greece"
"192";1963;NA;NA;NA;352;"Iceland"
"193";1963;0;0;1;36;"Australia"
"194";1963;NA;NA;NA;380;"Italy"
"195";1963;0,741778936694191;0,861265891983533;3,95762711864407;392;"Japan"
"196";1963;0;0;1;404;"Kenya"
"197";1963;0;0;1;410;"Korea"
"198";1963;0;0;5;414;"Kuwait"
"199";1963;NA;NA;NA;528;"Netherlands"
"200";1963;0;0;1;554;"New Zealand"
"201";1963;0;0;2;60;"Bermuda"
"202";1963;19,9710144927536;4,46889410176093;5,83333333333333;604;"Peru"
"203";1963;0;0;1;702;"Singapore"
"204";1963;NA;NA;NA;756;"Switzerland"
"205";1964;NA;NA;NA;208;"Denmark"
"206";1964;NA;NA;NA;300;"Greece"
"207";1964;62;7,87400787401181;14;442;"Luxembourg"
"208";1964;0;0;1;458;"Malaysia"
"209";1964;0;0;1;662;"Saint Lucia"
"210";1964;NA;NA;NA;752;"Sweden"
"211";1964;0;0;1;826;"UK"
"212";1964;NA;NA;NA;840;"US"
"213";1964;0;0;1;894;"Zambia"
"214";1965;0,00757553768902563;0,0870375648155762;1,00760456273764;124;"Canada"
"215";1965;0;0;1;144;"Sri Lanka"
"216";1965;0;0;1;276;"Germany"
"217";1965;0;0;1;28;"Antigua and Barbuda"
"218";1965;NA;NA;NA;372;"Ireland"
"219";1965;NA;NA;120;376;"Israel"
"220";1965;0;0;1;426;"Lesotho"
"221";1965;NA;NA;NA;56;"Belgium"
"222";1965;NA;NA;NA;578;"Norway"
"223";1965;0;0;1;608;"Philippines"
"224";1965;0;0;1;72;"Botswana"
"225";1965;NA;NA;NA;792;"Turkey"
"226";1965;0;0;1;84;"Belize"
"227";1966;NA;NA;NA;188;"Costa Rica"
"228";1966;NA;NA;NA;208;"Denmark"
"229";1966;NA;NA;NA;214;"Dominican Republic"
"230";1966;NA;NA;NA;234;"Faroe Islands"
"231";1966;NA;NA;NA;246;"Finland"
"232";1966;0;0;1;36;"Australia"
"233";1966;NA;NA;NA;40;"Austria"
"234";1966;NA;NA;NA;438;"Liechtenstein"
"235";1966;0;0;5;470;"Malta"
"236";1966;0;0;2;52;"Barbados"
"237";1966;0;0;1;554;"New Zealand"
"238";1966;0;0;1;659;"Saint Kitts and Nevis"
"239";1966;0;0;1;670;"St. Vincent and the Grenadines"
"240";1966;NA;NA;NA;76;"Brazil"
"241";1966;0;0;1;780;"Trinidad and Tobago"
"242";1966;0;0;1;826;"UK"
"243";1966;NA;NA;NA;840;"US"
"244";1966;NA;NA;NA;858;"Uruguay"
"245";1967;0;0;1;308;"Grenada"
"246";1967;NA;NA;NA;352;"Iceland"
"247";1967;0;0;1;356;"India"
"248";1967;0;0;1;388;"Jamaica"
"249";1967;0,751699320271891;0,867005951693465;3,95121951219512;392;"Japan"
"250";1967;0;0;1;410;"Korea"
"251";1967;0;0;5;414;"Kuwait"
"252";1967;0,0476190476190476;0,218217890235992;2,95238095238095;480;"Mauritius"
"253";1967;NA;NA;NA;528;"Netherlands"
"254";1967;0;0;1;670;"St. Vincent and the Grenadines"
"255";1967;NA;NA;NA;756;"Switzerland"
"256";1967;0;0;1;90;"Solomon Islands"
"257";1968;0;0;1;124;"Canada"
"258";1968;NA;NA;NA;208;"Denmark"
"259";1968;NA;NA;NA;380;"Italy"
"260";1968;62;7,87400787401181;14;442;"Luxembourg"
"261";1968;NA;NA;NA;56;"Belgium"
"262";1968;0;0;1;702;"Singapore"
"263";1968;NA;NA;NA;752;"Sweden"
"264";1968;NA;NA;NA;840;"US"
"265";1968;0;0;1;894;"Zambia"
"266";1969;0;0;1;276;"Germany"
"267";1969;0;0;1;36;"Australia"
"268";1969;NA;NA;NA;372;"Ireland"
"269";1969;NA;NA;120;376;"Israel"
"270";1969;0,751699320271891;0,867005951693465;3,95121951219512;392;"Japan"
"271";1969;0;0;1;458;"Malaysia"
"272";1969;0;0;1;554;"New Zealand"
"273";1969;NA;NA;NA;578;"Norway"
"274";1969;0;0;1;608;"Philippines"
"275";1969;0;0;1;662;"Saint Lucia"
"276";1969;0;0;1;72;"Botswana"
"277";1969;NA;NA;NA;764;"Thailand"
"278";1969;NA;NA;NA;792;"Turkey"
"279";1969;0;0;1;84;"Belize"
"280";1970;0;0;1;144;"Sri Lanka"
"281";1970;NA;NA;NA;188;"Costa Rica"
"282";1970;NA;NA;NA;214;"Dominican Republic"
"283";1970;NA;NA;NA;234;"Faroe Islands"
"284";1970;NA;NA;NA;246;"Finland"
"285";1970;NA;NA;NA;40;"Austria"
"286";1970;0;0;1;426;"Lesotho"
"287";1970;NA;NA;NA;438;"Liechtenstein"
"288";1970;NA;NA;NA;752;"Sweden"
"289";1970;NA;NA;NA;76;"Brazil"
"290";1970;0;0;1;826;"UK"
"291";1970;NA;NA;NA;840;"US"
"292";1970;0;0;1;90;"Solomon Islands"
"293";1971;NA;NA;NA;208;"Denmark"
"294";1971;0;0;1;28;"Antigua and Barbuda"
"295";1971;NA;NA;NA;352;"Iceland"
"296";1971;0;0;1;356;"India"
"297";1971;NA;NA;NA;40;"Austria"
"298";1971;0;0;1;410;"Korea"
"299";1971;0;0;5;414;"Kuwait"
"300";1971;0,277777777777778;0,52704627669473;5,5;470;"Malta"
"301";1971;0;0;1;52;"Barbados"
"302";1971;NA;NA;NA;528;"Netherlands"
"303";1971;NA;NA;NA;56;"Belgium"
"304";1971;0;0;1;659;"Saint Kitts and Nevis"
"305";1971;NA;NA;NA;756;"Switzerland"
"306";1971;0;0;1;780;"Trinidad and Tobago"
"307";1971;NA;NA;NA;858;"Uruguay"
"308";1972;0;0;1;124;"Canada"
"309";1972;NA;NA;NA;246;"Finland"
"310";1972;0;0;1;276;"Germany"
"311";1972;0;0;1;308;"Grenada"
"312";1972;0;0;1;36;"Australia"
"313";1972;NA;NA;NA;380;"Italy"
"314";1972;0;0;1;388;"Jamaica"
"315";1972;0,754458431681091;0,868595666395528;3,95967741935484;392;"Japan"
"316";1972;NA;NA;NA;528;"Netherlands"
"317";1972;0;0;1;554;"New Zealand"
"318";1972;0;0;2;60;"Bermuda"
"319";1972;0;0;1;670;"St. Vincent and the Grenadines"
"320";1972;0;0;1;702;"Singapore"
"321";1972;NA;NA;NA;840;"US"
"322";1973;NA;NA;NA;208;"Denmark"
"323";1973;0;0;1;250;"France"
"324";1973;NA;NA;NA;372;"Ireland"
"325";1973;NA;NA;120;376;"Israel"
"326";1973;0;0;2;410;"Korea"
"327";1973;0;0;1;50;"Bangladesh"
"328";1973;NA;NA;NA;578;"Norway"
"329";1973;NA;NA;NA;752;"Sweden"
"330";1973;NA;NA;NA;792;"Turkey"
"331";1973;0;0;1;90;"Solomon Islands"
"332";1974;0;0;1;124;"Canada"
"333";1974;NA;NA;NA;188;"Costa Rica"
"334";1974;NA;NA;NA;214;"Dominican Republic"
"335";1974;NA;NA;NA;234;"Faroe Islands"
"336";1974;NA;NA;NA;300;"Greece"
"337";1974;NA;NA;NA;352;"Iceland"
"338";1974;0;0;1;36;"Australia"
"339";1974;NA;NA;NA;438;"Liechtenstein"
"340";1974;74,25;8,61684396980704;14,75;442;"Luxembourg"
"341";1974;NA;NA;NA;56;"Belgium"
"342";1974;0;0;1;662;"Saint Lucia"
"343";1974;0;0;1;670;"St. Vincent and the Grenadines"
"344";1974;0;0;1;72;"Botswana"
"345";1974;NA;NA;NA;76;"Brazil"
"346";1974;0;0;1;826;"UK"
"347";1974;0;0;1;84;"Belize"
"348";1974;0;0;1;840;"US"
"349";1975;NA;NA;NA;208;"Denmark"
"350";1975;NA;NA;NA;246;"Finland"
"351";1975;0;0;1;36;"Australia"
"352";1975;NA;NA;NA;40;"Austria"
"353";1975;0;0;5;414;"Kuwait"
"354";1975;0;0;1;554;"New Zealand"
"355";1975;NA;NA;NA;620;"Portugal"
"356";1975;0;0;1;659;"Saint Kitts and Nevis"
"357";1975;NA;NA;NA;756;"Switzerland"
"358";1975;NA;NA;NA;764;"Thailand"
"359";1976;0;0;1;276;"Germany"
"360";1976;0;0;1;28;"Antigua and Barbuda"
"361";1976;0;0;1;308;"Grenada"
"362";1976;NA;NA;NA;380;"Italy"
"363";1976;0;0;1;388;"Jamaica"
"364";1976;0,747107930828861;0,864354054094074;3,93076923076923;392;"Japan"
"365";1976;0;0;5;470;"Malta"
"366";1976;0,0476190476190476;0,218217890235992;2,95238095238095;480;"Mauritius"
"367";1976;0;0;1;52;"Barbados"
"368";1976;0;0;2;60;"Bermuda"
"369";1976;NA;NA;NA;620;"Portugal"
"370";1976;0;0;1;702;"Singapore"
"371";1976;NA;NA;NA;752;"Sweden"
"372";1976;NA;NA;NA;764;"Thailand"
"373";1976;0;0;1;780;"Trinidad and Tobago"
"374";1976;0;0;1;840;"US"
"375";1976;0;0;1;90;"Solomon Islands"
"376";1977;0;0;1;144;"Sri Lanka"
"377";1977;NA;NA;NA;208;"Denmark"
"378";1977;NA;NA;NA;300;"Greece"
"379";1977;0;0;1;356;"India"
"380";1977;0;0;1;36;"Australia"
"381";1977;NA;NA;NA;372;"Ireland"
"382";1977;NA;NA;120;376;"Israel"
"383";1977;NA;NA;NA;528;"Netherlands"
"384";1977;NA;NA;NA;56;"Belgium"
"385";1977;NA;NA;NA;578;"Norway"
"386";1977;0;0;1;710;"South Africa"
"387";1977;NA;NA;NA;724;"Spain"
"388";1977;NA;NA;NA;792;"Turkey"
"389";1978;NA;NA;NA;188;"Costa Rica"
"390";1978;NA;NA;NA;214;"Dominican Republic"
"391";1978;NA;NA;NA;234;"Faroe Islands"
"392";1978;0;0;1;250;"France"
"393";1978;NA;NA;NA;352;"Iceland"
"394";1978;0;0;2;410;"Korea"
"395";1978;NA;NA;NA;438;"Liechtenstein"
"396";1978;0;0;1;458;"Malaysia"
"397";1978;0;0;1;554;"New Zealand"
"398";1978;NA;NA;NA;56;"Belgium"
"399";1978;20,0641025641026;4,47929710603155;12,6923076923077;608;"Philippines"
"400";1978;NA;NA;NA;76;"Brazil"
"401";1978;0;0;1;840;"US"
"402";1979;0;0;1;124;"Canada"
"403";1979;NA;NA;NA;208;"Denmark"
"404";1979;NA;NA;NA;218;"Ecuador"
"405";1979;NA;NA;NA;246;"Finland"
"406";1979;NA;NA;NA;352;"Iceland"
"407";1979;NA;NA;NA;380;"Italy"
"408";1979;0,747107930828861;0,864354054094074;3,93076923076923;392;"Japan"
"409";1979;NA;NA;NA;40;"Austria"
"410";1979;74,25;8,61684396980704;14,75;442;"Luxembourg"
"411";1979;NA;NA;NA;620;"Portugal"
"412";1979;0;0;1;662;"Saint Lucia"
"413";1979;0;0;1;670;"St. Vincent and the Grenadines"
"414";1979;0;0;1;68;"Bolivia"
"415";1979;0;0;1;72;"Botswana"
"416";1979;NA;NA;NA;724;"Spain"
"417";1979;NA;NA;NA;752;"Sweden"
"418";1979;NA;NA;NA;756;"Switzerland"
"419";1979;NA;NA;NA;764;"Thailand"
"420";1979;0;0;1;826;"UK"
"421";1979;0;0;1;84;"Belize"
"422";1980;0;0;1;124;"Canada"
"423";1980;NA;NA;NA;234;"Faroe Islands"
"424";1980;0;0;1;276;"Germany"
"425";1980;0;0;1;28;"Antigua and Barbuda"
"426";1980;NA;NA;NA;340;"Honduras"
"427";1980;0;0;1;356;"India"
"428";1980;0;0;1;36;"Australia"
"429";1980;0;0;1;388;"Jamaica"
"430";1980;0,747107930828861;0,864354054094074;3,93076923076923;392;"Japan"
"431";1980;0;0;2;60;"Bermuda"
"432";1980;58,0833333333333;7,62124224344911;7,2;604;"Peru"
"433";1980;NA;NA;NA;620;"Portugal"
"434";1980;0;0;1;659;"Saint Kitts and Nevis"
"435";1980;0;0;1;68;"Bolivia"
"436";1980;0;0;1;702;"Singapore"
"437";1980;0;0;1;840;"US"
"438";1980;0;0;1;90;"Solomon Islands"
"439";1981;13,3666666666667;3,65604522218567;5,83333333333333;196;"Cyprus"
"440";1981;NA;NA;NA;208;"Denmark"
"441";1981;0;0;1;250;"France"
"442";1981;NA;NA;NA;300;"Greece"
"443";1981;NA;NA;NA;340;"Honduras"
"444";1981;NA;NA;NA;372;"Ireland"
"445";1981;NA;NA;120;376;"Israel"
"446";1981;0;0;2;410;"Korea"
"447";1981;0;0;2;414;"Kuwait"
"448";1981;0;0;5;470;"Malta"
"449";1981;0;0;1;52;"Barbados"
"450";1981;NA;NA;NA;528;"Netherlands"
"451";1981;0;0;1;554;"New Zealand"
"452";1981;NA;NA;NA;56;"Belgium"
"453";1981;NA;NA;NA;578;"Norway"
"454";1981;0;0;1;710;"South Africa"
"455";1981;0;0;1;780;"Trinidad and Tobago"
"456";1982;NA;NA;NA;188;"Costa Rica"
"457";1982;NA;NA;NA;214;"Dominican Republic"
"458";1982;NA;NA;NA;372;"Ireland"
"459";1982;NA;NA;NA;438;"Liechtenstein"
"460";1982;0;0;1;458;"Malaysia"
"461";1982;0,0476190476190476;0,218217890235992;2,95238095238095;480;"Mauritius"
"462";1982;NA;NA;NA;528;"Netherlands"
"463";1982;0;0;1;662;"Saint Lucia"
"464";1982;NA;NA;NA;724;"Spain"
"465";1982;NA;NA;NA;752;"Sweden"
"466";1982;NA;NA;NA;76;"Brazil"
"467";1982;0;0;1;840;"US"
"468";1983;NA;NA;NA;246;"Finland"
"469";1983;0;0;1;276;"Germany"
"470";1983;NA;NA;NA;32;"Argentina"
"471";1983;NA;NA;NA;352;"Iceland"
"472";1983;0;0;1;36;"Australia"
"473";1983;NA;NA;NA;380;"Italy"
"474";1983;0;0;1;388;"Jamaica"
"475";1983;0,747107930828861;0,864354054094074;3,93076923076923;392;"Japan"
"476";1983;NA;NA;NA;40;"Austria"
"477";1983;0,0476190476190476;0,218217890235992;2,95238095238095;480;"Mauritius"
"478";1983;0;0;2;60;"Bermuda"
"479";1983;NA;NA;NA;620;"Portugal"
"480";1983;NA;NA;NA;756;"Switzerland"
"481";1983;NA;NA;NA;764;"Thailand"
"482";1983;24,3627317955676;4,93586180879972;5,97014925373134;792;"Turkey"
"483";1983;0;0;1;826;"UK"
"484";1984;0;0;1;124;"Canada"
"485";1984;NA;NA;NA;208;"Denmark"
"486";1984;NA;NA;NA;218;"Ecuador"
"487";1984;NA;NA;NA;234;"Faroe Islands"
"488";1984;0;0;1;28;"Antigua and Barbuda"
"489";1984;0;0;1;308;"Grenada"
"490";1984;NA;NA;NA;320;"Guatemala"
"491";1984;0;0;1;356;"India"
"492";1984;0;0;1;36;"Australia"
"493";1984;NA;NA;120;376;"Israel"
"494";1984;86,6666666666667;9,30949336251263;16;442;"Luxembourg"
"495";1984;0;0;1;554;"New Zealand"
"496";1984;0;0;1;659;"Saint Kitts and Nevis"
"497";1984;0;0;1;670;"St. Vincent and the Grenadines"
"498";1984;0;0;1;702;"Singapore"
"499";1984;0;0;1;710;"South Africa"
"500";1984;0;0;1;72;"Botswana"
"501";1984;0;0;1;84;"Belize"
"502";1984;NA;NA;NA;840;"US"
"503";1984;NA;NA;NA;858;"Uruguay"
"504";1984;0;0;1;90;"Solomon Islands"
"505";1985;46,6666666666667;6,83130051063973;9,33333333333333;196;"Cyprus"
"506";1985;NA;NA;NA;300;"Greece"
"507";1985;NA;NA;NA;32;"Argentina"
"508";1985;NA;NA;NA;340;"Honduras"
"509";1985;0;0;1;356;"India"
"510";1985;0;0;2;410;"Korea"
"511";1985;0;0;2;414;"Kuwait"
"512";1985;NA;NA;NA;56;"Belgium"
"513";1985;NA;NA;NA;578;"Norway"
"514";1985;0;0;2;60;"Bermuda"
"515";1985;56,9861538461538;7,54891739563719;6,88461538461539;604;"Peru"
"516";1985;NA;NA;NA;620;"Portugal"
"517";1985;0;0;1;68;"Bolivia"
"518";1985;NA;NA;NA;752;"Sweden"
"519";1986;NA;NA;NA;1001;"Taiwan"
"520";1986;NA;NA;NA;188;"Costa Rica"
"521";1986;NA;NA;NA;214;"Dominican Republic"
"522";1986;16,7200657894737;4,08901770471512;5,78125;250;"France"
"523";1986;0,879904591532499;0,938032297702216;3,93846153846154;392;"Japan"
"524";1986;NA;NA;NA;40;"Austria"
"525";1986;NA;NA;NA;438;"Liechtenstein"
"526";1986;0;0;1;52;"Barbados"
"527";1986;NA;NA;NA;528;"Netherlands"
"528";1986;NA;NA;NA;724;"Spain"
"529";1986;NA;NA;NA;76;"Brazil"
"530";1986;NA;NA;NA;764;"Thailand"
"531";1986;0;0;1;780;"Trinidad and Tobago"
"532";1986;0;0;1;840;"US"
"533";1987;NA;NA;NA;208;"Denmark"
"534";1987;NA;NA;NA;246;"Finland"
"535";1987;0;0;1;276;"Germany"
"536";1987;NA;NA;NA;32;"Argentina"
"537";1987;NA;NA;NA;352;"Iceland"
"538";1987;0;0;1;36;"Australia"
"539";1987;NA;NA;NA;372;"Ireland"
"540";1987;NA;NA;NA;380;"Italy"
"541";1987;0;0;5;470;"Malta"
"542";1987;0,0476190476190476;0,218217890235992;2,95238095238095;480;"Mauritius"
"543";1987;0;0;1;554;"New Zealand"
"544";1987;NA;NA;NA;56;"Belgium"
"545";1987;0;0;1;608;"Philippines"
"546";1987;NA;NA;NA;620;"Portugal"
"547";1987;0;0;1;662;"Saint Lucia"
"548";1987;0;0;1;710;"South Africa"
"549";1987;NA;NA;NA;756;"Switzerland"
"550";1987;37,6910900045228;6,1393069645134;6,71641791044776;792;"Turkey"
"551";1987;0;0;1;826;"UK"
"552";1988;0;0;1;124;"Canada"
"553";1988;NA;NA;NA;208;"Denmark"
"554";1988;NA;NA;NA;218;"Ecuador"
"555";1988;NA;NA;NA;234;"Faroe Islands"
"556";1988;0;0;1;250;"France"
"557";1988;NA;NA;120;376;"Israel"
"558";1988;0;0;1;410;"Korea"
"559";1988;0,0861204013377926;0,293462776749953;1,02884615384615;586;"Pakistan"
"560";1988;NA;NA;NA;702;"Singapore"
"561";1988;NA;NA;NA;752;"Sweden"
"562";1988;NA;NA;NA;764;"Thailand"
"563";1988;0;0;1;840;"US"
"564";1989;NA;NA;NA;1001;"Taiwan"
"565";1989;NA;NA;NA;144;"Sri Lanka"
"566";1989;NA;NA;NA;152;"Chile"
"567";1989;0;0;1;28;"Antigua and Barbuda"
"568";1989;NA;NA;NA;300;"Greece"
"569";1989;NA;NA;NA;32;"Argentina"
"570";1989;0;0;1;356;"India"
"571";1989;NA;NA;NA;372;"Ireland"
"572";1989;0;0;1;388;"Jamaica"
"573";1989;NA;NA;NA;438;"Liechtenstein"
"574";1989;66,6666666666667;8,16496580927726;15;442;"Luxembourg"
"575";1989;NA;NA;72;516;"Namibia"
"576";1989;NA;NA;NA;528;"Netherlands"
"577";1989;NA;NA;NA;578;"Norway"
"578";1989;NA;NA;NA;60;"Bermuda"
"579";1989;NA;NA;NA;600;"Paraguay"
"580";1989;0;0;1;659;"Saint Kitts and Nevis"
"581";1989;0;0;1;660;"Anguilla"
"582";1989;0;0;1;670;"St. Vincent and the Grenadines"
"583";1989;0;0;1;68;"Bolivia"
"584";1989;0;0;1;710;"South Africa"
"585";1989;0;0;1;72;"Botswana"
"586";1989;NA;NA;NA;724;"Spain"
"587";1989;0;0;1;84;"Belize"
"588";1989;NA;NA;NA;858;"Uruguay"
"589";1989;0;0;1;90;"Solomon Islands"
"590";1990;NA;NA;NA;188;"Costa Rica"
"591";1990;0;0;1;191;"Croatia"
"592";1990;78;8,83176086632785;24,5;203;"Czech Republic"
"593";1990;NA;NA;NA;208;"Denmark"
"594";1990;NA;NA;NA;218;"Ecuador"
"595";1990;NA;NA;NA;234;"Faroe Islands"
"596";1990;0;0;1;276;"Germany"
"597";1990;NA;NA;NA;300;"Greece"
"598";1990;0;0;1;308;"Grenada"
"599";1990;NA;NA;NA;320;"Guatemala"
"600";1990;4,9178440607012;2,21762126178056;1,51020408163265;348;"Hungary"
"601";1990;0;0;1;36;"Australia"
"602";1990;0,879904591532499;0,938032297702216;3,93846153846154;392;"Japan"
"603";1990;NA;NA;NA;40;"Austria"
"604";1990;0;0;2;414;"Kuwait"
"605";1990;0;0;1;458;"Malaysia"
"606";1990;0;0;1;554;"New Zealand"
"607";1990;NA;NA;NA;558;"Nicaragua"
"608";1990;0,0845032638826791;0,29069445106964;1,02830188679245;586;"Pakistan"
"609";1990;56,9538461538462;7,54677720314083;6,92307692307692;604;"Peru"
"610";1990;39,0878048780488;6,25202406249758;9,63414634146342;642;"Romania"
"611";1990;NA;NA;NA;703;"Slovakia"
"612";1990;NA;NA;NA;76;"Brazil"
"613";1990;NA;NA;NA;840;"US"
"614";1991;7,53118279569892;2,74430005569707;7,74193548387097;100;"Bulgaria"
"615";1991;46,6666666666667;6,83130051063973;9,33333333333333;196;"Cyprus"
"616";1991;3,86666666666667;1,96638416050035;10,6666666666667;204;"Benin"
"617";1991;NA;NA;NA;246;"Finland"
"618";1991;NA;NA;NA;32;"Argentina"
"619";1991;NA;NA;NA;352;"Iceland"
"620";1991;0;0;1;356;"India"
"621";1991;0,0476190476190476;0,218217890235992;2,95238095238095;480;"Mauritius"
"622";1991;0;0;40;484;"Mexico"
"623";1991;0;0;1;50;"Bangladesh"
"624";1991;0;0;1;52;"Barbados"
"625";1991;NA;NA;NA;56;"Belgium"
"626";1991;6,91891891891892;2,63038379688572;10,5675675675676;616;"Poland"
"627";1991;NA;NA;NA;620;"Portugal"
"628";1991;NA;NA;NA;702;"Singapore"
"629";1991;NA;NA;NA;752;"Sweden"
"630";1991;NA;NA;NA;756;"Switzerland"
"631";1991;0;0;1;780;"Trinidad and Tobago"
"632";1991;40,4042947056646;6,35643726514032;6,08108108108108;792;"Turkey"
"633";1991;0;0;1;894;"Zambia"
"634";1992;10,7931034482759;3,28528590053832;4,31034482758621;1001;"Taiwan"
"635";1992;2,59948979591837;1,61229333432796;3,6734693877551;120;"Cameroon"
"636";1992;53,5538461538462;7,3180493407633;1,90769230769231;191;"Croatia"
"637";1992;74,2857142857143;8,61891607371335;22;203;"Czech Republic"
"638";1992;NA;NA;NA;218;"Ecuador"
"639";1992;11,9015151515152;3,4498572653829;8,41666666666667;233;"Estonia"
"640";1992;NA;NA;NA;24;"Angola"
"641";1992;0;0;1;356;"India"
"642";1992;NA;NA;NA;372;"Ireland"
"643";1992;NA;NA;120;376;"Israel"
"644";1992;NA;NA;NA;380;"Italy"
"645";1992;0;0;1;404;"Kenya"
"646";1992;0;0;1;410;"Korea"
"647";1992;0;0;2;414;"Kuwait"
"648";1992;66,125;8,1317279836453;1,95833333333333;440;"Lithuania"
"649";1992;0;0;5;470;"Malta"
"650";1992;0;0;1;496;"Mongolia"
"651";1992;0;0;1;608;"Philippines"
"652";1992;NA;NA;NA;630;"Puerto Rico"
"653";1992;20,1562137049942;4,48956720686908;8,11904761904762;642;"Romania"
"654";1992;0;0;1;662;"Saint Lucia"
"655";1992;NA;NA;NA;703;"Slovakia"
"656";1992;NA;NA;NA;764;"Thailand"
"657";1992;0;0;1;826;"UK"
"658";1992;NA;NA;NA;840;"US"
"659";1993;0;0;1;124;"Canada"
"660";1993;NA;NA;NA;152;"Chile"
"661";1993;NA;NA;NA;226;"Equatorial Guinea"
"662";1993;0;0;1;250;"France"
"663";1993;NA;NA;NA;300;"Greece"
"664";1993;NA;NA;NA;32;"Argentina"
"665";1993;NA;NA;NA;340;"Honduras"
"666";1993;0;0;1;36;"Australia"
"667";1993;0;0;1;388;"Jamaica"
"668";1993;0,975048449612403;0,987445416016705;3,96124031007752;392;"Japan"
"669";1993;0;0;1;426;"Lesotho"
"670";1993;8,33333333333333;2,88675134594813;12,5;438;"Liechtenstein"
"671";1993;0;0;1;554;"New Zealand"
"672";1993;28,5625;5,34438958160799;5,1875;562;"Niger"
"673";1993;NA;NA;NA;578;"Norway"
"674";1993;NA;NA;NA;60;"Bermuda"
"675";1993;NA;NA;NA;616;"Poland"
"676";1993;0;0;1;659;"Saint Kitts and Nevis"
"677";1993;0;0;1;68;"Bolivia"
"678";1993;NA;NA;NA;724;"Spain"
"679";1993;0;0;1;84;"Belize"
"680";1993;0;0;1;90;"Solomon Islands"
"681";1994;7,93118279569893;2,81623557176933;7,74193548387097;100;"Bulgaria"
"682";1994;NA;NA;NA;144;"Sri Lanka"
"683";1994;NA;NA;NA;188;"Costa Rica"
"684";1994;NA;NA;NA;208;"Denmark"
"685";1994;NA;NA;NA;214;"Dominican Republic"
"686";1994;11,8021978021978;3,43543269504699;4,57142857142857;222;"El Salvador"
"687";1994;NA;NA;NA;234;"Faroe Islands"
"688";1994;0;0;1;276;"Germany"
"689";1994;0;0;1;28;"Antigua and Barbuda"
"690";1994;4,90641025641026;2,21504181820801;1,53571428571429;348;"Hungary"
"691";1994;NA;NA;NA;380;"Italy"
"692";1994;NA;NA;NA;40;"Austria"
"693";1994;66,6666666666667;8,16496580927726;15;442;"Luxembourg"
"694";1994;0;0;40;484;"Mexico"
"695";1994;NA;NA;104;498;"Moldova"
"696";1994;NA;NA;72;516;"Namibia"
"697";1994;0;0;1;52;"Barbados"
"698";1994;NA;NA;NA;528;"Netherlands"
"699";1994;NA;NA;NA;624;"Guinea-Bissau"
"700";1994;0;0;1;660;"Anguilla"
"701";1994;0;0;1;670;"St. Vincent and the Grenadines"
"702";1994;NA;NA;NA;703;"Slovakia"
"703";1994;155,944444444444;12,4877717966194;22,2222222222222;710;"South Africa"
"704";1994;0;0;1;72;"Botswana"
"705";1994;NA;NA;NA;752;"Sweden"
"706";1994;NA;NA;NA;76;"Brazil"
"707";1994;NA;NA;NA;840;"US"
"708";1994;NA;NA;NA;858;"Uruguay"
"709";1995;11,9655172413793;3,45912087695404;4,41379310344828;1001;"Taiwan"
"710";1995;10,1754385964912;3,18989633005388;3,78947368421053;132;"Cape Verde"
"711";1995;180,12268907563;13,4209794380153;3,62857142857143;191;"Croatia"
"712";1995;1,76470588235294;1,32842232831014;4,66666666666667;204;"Benin"
"713";1995;0;0;1;212;"Dominica"
"714";1995;3,36363636363636;1,83402190925746;9,18181818181818;233;"Estonia"
"715";1995;NA;NA;NA;246;"Finland"
"716";1995;0;0;1;308;"Grenada"
"717";1995;NA;NA;NA;32;"Argentina"
"718";1995;NA;NA;NA;320;"Guatemala"
"719";1995;NA;NA;NA;352;"Iceland"
"720";1995;NA;NA;NA;40;"Austria"
"721";1995;32,5;5,70087712549569;20;428;"Latvia"
"722";1995;0;0;1;458;"Malaysia"
"723";1995;0,0476190476190476;0,218217890235992;2,95238095238095;480;"Mauritius"
"724";1995;NA;NA;NA;56;"Belgium"
"725";1995;0;0;1;608;"Philippines"
"726";1995;NA;NA;NA;620;"Portugal"
"727";1995;0;0;1;659;"Saint Kitts and Nevis"
"728";1995;NA;NA;NA;756;"Switzerland"
"729";1995;0,342019271051529;0,58482413685785;2,52258064516129;764;"Thailand"
"730";1995;0;0;1;780;"Trinidad and Tobago"
"731";1995;58,5498214865303;7,65178550970493;6,9620253164557;792;"Turkey"
"732";1996;46,6666666666667;6,83130051063973;9,33333333333333;196;"Cyprus"
"733";1996;78,9821428571429;8,88718981777383;25,125;203;"Czech Republic"
"734";1996;NA;NA;NA;218;"Ecuador"
"735";1996;NA;NA;15;292;"Gibraltar"
"736";1996;NA;NA;NA;300;"Greece"
"737";1996;0;0;1;356;"India"
"738";1996;0;0;1;36;"Australia"
"739";1996;NA;NA;120;376;"Israel"
"740";1996;NA;NA;NA;380;"Italy"
"741";1996;11,929488642257;3,45390918268807;1,60771704180064;392;"Japan"
"742";1996;0;0;1;410;"Korea"
"743";1996;0;0;2;414;"Kuwait"
"744";1996;66,125;8,1317279836453;1,95833333333333;440;"Lithuania"
"745";1996;0;0;5;470;"Malta"
"746";1996;0;0;1;496;"Mongolia"
"747";1996;0;0;1;50;"Bangladesh"
"748";1996;44,1818181818182;6,64694051288397;1,81818181818182;554;"New Zealand"
"749";1996;NA;NA;NA;558;"Nicaragua"
"750";1996;NA;NA;NA;630;"Puerto Rico"
"751";1996;21,7032520325203;4,65867492239159;8,16666666666667;642;"Romania"
"752";1996;98;9,89949493661167;21;70;"Bosnia and Herzegovina"
"753";1996;0;0;1;705;"Slovenia"
"754";1996;NA;NA;NA;724;"Spain"
"755";1996;0,341563275434243;0,584434149784424;2,51923076923077;764;"Thailand"
"756";1996;0;0;1;840;"US"
"757";1996;0;0;1;894;"Zambia"
"758";1997;8,39784946236559;2,89790432250024;7,74193548387097;100;"Bulgaria"
"759";1997;NA;NA;NA;120;"Cameroon"
"760";1997;0;0;1;124;"Canada"
"761";1997;NA;NA;NA;152;"Chile"
"762";1997;18;4,24264068711928;3,5;20;"Andorra"
"763";1997;11,8021978021978;3,43543269504699;4,57142857142857;222;"El Salvador"
"764";1997;0;0;1;250;"France"
"765";1997;189;13,7477270848675;13;262;"Djibouti"
"766";1997;0;0;1;270;"Gambia"
"767";1997;NA;NA;NA;32;"Argentina"
"768";1997;NA;NA;NA;328;"Guyana"
"769";1997;NA;NA;NA;340;"Honduras"
"770";1997;NA;NA;NA;372;"Ireland"
"771";1997;0;0;1;388;"Jamaica"
"772";1997;0;0;1;404;"Kenya"
"773";1997;12,5;3,53553390593274;12,5;438;"Liechtenstein"
"774";1997;0;0;1;44;"Bahamas"
"775";1997;0;0;40;484;"Mexico"
"776";1997;NA;NA;NA;578;"Norway"
"777";1997;12,7643288084465;3,57272008537564;7,51923076923077;616;"Poland"
"778";1997;0;0;1;662;"Saint Lucia"
"779";1997;0;0;1;68;"Bolivia"
"780";1997;NA;NA;NA;702;"Singapore"
"781";1997;0;0;1;826;"UK"
"782";1997;0;0;1;90;"Solomon Islands"
"783";1998;11,2924731182796;3,3604275201646;5,67741935483871;1001;"Taiwan"
"784";1998;NA;NA;NA;170;"Colombia"
"785";1998;NA;NA;NA;188;"Costa Rica"
"786";1998;88;9,38083151964686;25;203;"Czech Republic"
"787";1998;NA;NA;NA;208;"Denmark"
"788";1998;NA;NA;NA;214;"Dominican Republic"
"789";1998;NA;NA;NA;218;"Ecuador"
"790";1998;NA;NA;NA;234;"Faroe Islands"
"791";1998;0;0;1;276;"Germany"
"792";1998;0;0;1;348;"Hungary"
"793";1998;0;0;1;356;"India"
"794";1998;0;0;1;36;"Australia"
"795";1998;0;0;1;426;"Lesotho"
"796";1998;38,5;6,20483682299543;20;428;"Latvia"
"797";1998;0;0;5;470;"Malta"
"798";1998;NA;NA;101;498;"Moldova"
"799";1998;NA;NA;NA;528;"Netherlands"
"800";1998;NA;NA;NA;60;"Bermuda"
"801";1998;NA;NA;NA;600;"Paraguay"
"802";1998;0;0;1;608;"Philippines"
"803";1998;0;0;1;670;"St. Vincent and the Grenadines"
"804";1998;NA;NA;NA;674;"San Marino"
"805";1998;98;9,89949493661167;21;70;"Bosnia and Herzegovina"
"806";1998;NA;NA;150;703;"Slovakia"
"807";1998;NA;NA;NA;752;"Sweden"
"808";1998;NA;NA;NA;76;"Brazil"
"809";1998;222,017699115044;14,9002583573254;1,99115044247788;804;"Ukraine"
"810";1998;0;0;1;84;"Belize"
"811";1998;NA;NA;NA;840;"US"
"812";1999;0,954710144927536;0,977092700273386;3,45833333333333;204;"Benin"
"813";1999;2,56363636363636;1,60113596038449;9,18181818181818;233;"Estonia"
"814";1999;52,2380952380952;7,22759263088998;13,3333333333333;246;"Finland"
"815";1999;0;0;1;28;"Antigua and Barbuda"
"816";1999;0;0;1;308;"Grenada"
"817";1999;NA;NA;NA;32;"Argentina"
"818";1999;NA;NA;NA;320;"Guatemala"
"819";1999;NA;NA;NA;352;"Iceland"
"820";1999;0;0;1;356;"India"
"821";1999;401,333333333333;20,0333056017556;17,1111111111111;360;"Indonesia"
"822";1999;NA;NA;120;376;"Israel"
"823";1999;NA;NA;NA;40;"Austria"
"824";1999;0;0;2;414;"Kuwait"
"825";1999;66,6666666666667;8,16496580927726;15;442;"Luxembourg"
"826";1999;NA;NA;NA;454;"Malawi"
"827";1999;0;0;1;458;"Malaysia"
"828";1999;NA;NA;NA;508;"Mozambique"
"829";1999;NA;NA;72;516;"Namibia"
"830";1999;0;0;1;52;"Barbados"
"831";1999;0;0;1;554;"New Zealand"
"832";1999;NA;NA;NA;56;"Belgium"
"833";1999;28,5625;5,34438958160799;5,1875;562;"Niger"
"834";1999;NA;NA;NA;620;"Portugal"
"835";1999;1,1871921182266;1,08958346088154;3,51724137931034;624;"Guinea-Bissau"
"836";1999;0;0;1;660;"Anguilla"
"837";1999;167,694444444444;12,9496889709539;22,2222222222222;710;"South Africa"
"838";1999;0;0;1;72;"Botswana"
"839";1999;65,9566666666667;8,1213709844254;7,96;756;"Switzerland"
"840";1999;70,5917721518987;8,40189098667072;6,875;792;"Turkey"
"841";1999;NA;NA;NA;858;"Uruguay"
"842";2000;0;0;1;124;"Canada"
"843";2000;NA;NA;NA;144;"Sri Lanka"
"844";2000;38,3958333333333;6,19643714834043;9,4375;191;"Croatia"
"845";2000;0;0;1;212;"Dominica"
"846";2000;11,8021978021978;3,43543269504699;4,57142857142857;222;"El Salvador"
"847";2000;0;0;1;288;"Ghana"
"848";2000;NA;NA;15;292;"Gibraltar"
"849";2000;30,3792207792208;5,51173482482791;5,14285714285714;300;"Greece"
"850";2000;9,70698060367182;3,11560276731034;1,54340836012862;392;"Japan"
"851";2000;0;0;1;410;"Korea"
"852";2000;66,125;8,1317279836453;1,95833333333333;440;"Lithuania"
"853";2000;0,0476190476190476;0,218217890235992;2,95238095238095;480;"Mauritius"
"854";2000;0;0;40;484;"Mexico"
"855";2000;0;0;1;496;"Mongolia"
"856";2000;NA;NA;NA;630;"Puerto Rico"
"857";2000;26,2212543554007;5,12066932689475;8,21428571428571;642;"Romania"
"858";2000;0;0;1;659;"Saint Kitts and Nevis"
"859";2000;0;0;1;660;"Anguilla"
"860";2000;0;0;1;705;"Slovenia"
"861";2000;35,2986425339367;5,94126607163294;6,73076923076923;724;"Spain"
"862";2000;NA;NA;NA;740;"Suriname"
"863";2000;0;0;1;780;"Trinidad and Tobago"
"864";2000;NA;NA;NA;840;"US"
"865";2001;9,46451612903226;3,07644537234651;7,74193548387097;100;"Bulgaria"
"866";2001;11,5591397849462;3,39987349543276;5,67741935483871;1001;"Taiwan"
"867";2001;10,9894736842105;3,31503750871849;3,6;132;"Cape Verde"
"868";2001;NA;NA;NA;144;"Sri Lanka"
"869";2001;NA;NA;NA;152;"Chile"
"870";2001;40,6666666666667;6,37704215656967;9,33333333333333;196;"Cyprus"
"871";2001;18;4,24264068711928;3,5;20;"Andorra"
"872";2001;16,5614035087719;4,06957043295381;7,31578947368421;208;"Denmark"
"873";2001;NA;NA;NA;32;"Argentina"
"874";2001;NA;NA;NA;328;"Guyana"
"875";2001;NA;NA;NA;340;"Honduras"
"876";2001;0;0;1;36;"Australia"
"877";2001;8,51846153846154;2,91864035784842;5,96153846153846;380;"Italy"
"878";2001;12,5;3,53553390593274;12,5;438;"Liechtenstein"
"879";2001;NA;NA;101;498;"Moldova"
"880";2001;0;0;1;50;"Bangladesh"
"881";2001;NA;NA;NA;558;"Nicaragua"
"882";2001;NA;NA;NA;578;"Norway"
"883";2001;42,0833333333333;6,48716681867619;4,8;604;"Peru"
"884";2001;0;0;1;608;"Philippines"
"885";2001;7,22560975609756;2,68804943334336;11,219512195122;616;"Poland"
"886";2001;0;0;1;662;"Saint Lucia"
"887";2001;0;0;1;670;"St. Vincent and the Grenadines"
"888";2001;NA;NA;NA;674;"San Marino"
"889";2001;NA;NA;NA;702;"Singapore"
"890";2001;0;0;1;780;"Trinidad and Tobago"
"891";2001;0;0;1;8;"Albania"
"892";2001;0;0;1;826;"UK"
"893";2001;0;0;1;894;"Zambia"
"894";2001;0;0;1;90;"Solomon Islands"
"895";2002;NA;NA;NA;120;"Cameroon"
"896";2002;15,6084033613445;3,95074719025965;4,74285714285714;170;"Colombia"
"897";2002;NA;NA;NA;188;"Costa Rica"
"898";2002;41,1428571428571;6,41426980589818;14,2857142857143;203;"Czech Republic"
"899";2002;1,83533765032377;1,35474634169049;3,23404255319149;214;"Dominican Republic"
"900";2002;NA;NA;NA;234;"Faroe Islands"
"901";2002;0;0;1;250;"France"
"902";2002;0;0;1;276;"Germany"
"903";2002;NA;NA;31;304;"Greenland"
"904";2002;0;0;1;348;"Hungary"
"905";2002;0,72938443670151;0,854040067386484;3,95238095238095;372;"Ireland"
"906";2002;0;0;1;388;"Jamaica"
"907";2002;NA;NA;NA;40;"Austria"
"908";2002;0;0;1;404;"Kenya"
"909";2002;18,7777777777778;4,33333333333334;1,48148148148148;426;"Lesotho"
"910";2002;42,5;6,51920240520265;20;428;"Latvia"
"911";2002;0;0;1;44;"Bahamas"
"912";2002;NA;NA;NA;528;"Netherlands"
"913";2002;0;0;1;554;"New Zealand"
"914";2002;0;0;1;586;"Pakistan"
"915";2002;NA;NA;NA;620;"Portugal"
"916";2002;0;0;1;68;"Bolivia"
"917";2002;1,35714285714286;1,16496474502144;3,75;70;"Bosnia and Herzegovina"
"918";2002;NA;NA;150;703;"Slovakia"
"919";2002;48,5344827586207;6,96666941648739;12,0344827586207;752;"Sweden"
"920";2002;NA;NA;NA;76;"Brazil"
"921";2002;0;0;1;780;"Trinidad and Tobago"
"922";2002;72,0679012345679;8,48928154996451;6,79012345679012;792;"Turkey"
"923";2002;222,017699115044;14,9002583573254;1,99115044247788;804;"Ukraine"
"924";2002;0;0;20;807;"Macedonia"
"925";2002;NA;NA;NA;840;"US"
"926";2003;20,0797101449275;4,48103895820238;5,08333333333333;116;"Cambodia"
"927";2003;39,4338235294118;6,27963562075156;8,94117647058824;191;"Croatia"
"928";2003;11,8021978021978;3,43543269504699;4,57142857142857;222;"El Salvador"
"929";2003;5,35606060606061;2,31431644466797;8,41666666666667;233;"Estonia"
"930";2003;60,3809523809524;7,77051815395553;13,3333333333333;246;"Finland"
"931";2003;164,7;12,8335497817245;11,5;262;"Djibouti"
"932";2003;NA;NA;15;292;"Gibraltar"
"933";2003;0;0;1;308;"Grenada"
"934";2003;NA;NA;NA;32;"Argentina"
"935";2003;NA;NA;NA;320;"Guatemala"
"936";2003;0,3;0,547722557505166;10,5;352;"Iceland"
"937";2003;NA;NA;120;376;"Israel"
"938";2003;9,65536770044601;3,10730875524883;1,54340836012862;392;"Japan"
"939";2003;0;0;2;414;"Kuwait"
"940";2003;0;0;5;470;"Malta"
"941";2003;0;0;40;484;"Mexico"
"942";2003;0;0;1;52;"Barbados"
"943";2003;NA;NA;NA;528;"Netherlands"
"944";2003;NA;NA;NA;56;"Belgium"
"945";2003;0;0;1;566;"Nigeria"
"946";2003;0,853260869565217;0,923721207705668;1,375;584;"Marshall Islands"
"947";2003;NA;NA;NA;60;"Bermuda"
"948";2003;NA;NA;NA;600;"Paraguay"
"949";2003;NA;NA;NA;643;"Russian Federation"
"950";2003;NA;NA;250;688;"Serbia"
"951";2003;64,7015384615385;8,043726652587;7,69230769230769;756;"Switzerland"
"952";2003;0;0;1;84;"Belize"
"953";2003;0,9;0,948683298050514;1,3;92;"British Virgin Islands"
"954";2004;12,0924731182796;3,47742334470217;5,67741935483871;1001;"Taiwan"
"955";2004;0;0;1;112;"Belarus"
"956";2004;0;0;1;124;"Canada"
"957";2004;NA;NA;NA;144;"Sri Lanka"
"958";2004;NA;NA;NA;234;"Faroe Islands"
"959";2004;0;0;1;28;"Antigua and Barbuda"
"960";2004;0;0;1;288;"Ghana"
"961";2004;36,9857142857143;6,08158813844824;5,17857142857143;300;"Greece"
"962";2004;0;0;1;356;"India"
"963";2004;0;0;1;36;"Australia"
"964";2004;5,77749360613811;2,40364173830838;7,95652173913043;360;"Indonesia"
"965";2004;0;0;1;410;"Korea"
"966";2004;66,125;8,1317279836453;1,95833333333333;440;"Lithuania"
"967";2004;66,6666666666667;8,16496580927726;15;442;"Luxembourg"
"968";2004;0;0;1;454;"Malawi"
"969";2004;0;0;1;458;"Malaysia"
"970";2004;0;0;1;496;"Mongolia"
"971";2004;NA;NA;NA;508;"Mozambique"
"972";2004;NA;NA;72;516;"Namibia"
"973";2004;60,4625;7,77576362809467;7,0625;562;"Niger"
"974";2004;0;0;1;608;"Philippines"
"975";2004;0,754985754985755;0,868899162725891;3,7037037037037;624;"Guinea-Bissau"
"976";2004;NA;NA;NA;630;"Puerto Rico"
"977";2004;15,6701509872242;3,95855415363036;7,47619047619048;642;"Romania"
"978";2004;0;0;1;659;"Saint Kitts and Nevis"
"979";2004;0;0;1;705;"Slovenia"
"980";2004;160,694444444444;12,6765312465376;22,2222222222222;710;"South Africa"
"981";2004;0;0;1;72;"Botswana"
"982";2004;36,1613876319759;6,01343393012478;6,73076923076923;724;"Spain"
"983";2004;NA;NA;NA;840;"US"
"984";2004;NA;NA;NA;858;"Uruguay"
"985";2005;9,53118279569892;3,08726137469747;7,74193548387097;100;"Bulgaria"
"986";2005;12,2666666666667;3,50238014308366;13,6666666666667;1003;"Somaliland"
"987";2005;NA;NA;1;112;"Belarus"
"988";2005;1,9;1,37840487520902;2,5;136;"Cayman Islands"
"989";2005;NA;NA;NA;152;"Chile"
"990";2005;18;4,24264068711928;3,5;20;"Andorra"
"991";2005;16,5614035087719;4,06957043295381;7,31578947368421;208;"Denmark"
"992";2005;0;0;1;212;"Dominica"
"993";2005;0;0;1;276;"Germany"
"994";2005;NA;NA;31;304;"Greenland"
"995";2005;NA;NA;NA;32;"Argentina"
"996";2005;NA;NA;NA;340;"Honduras"
"997";2005;9,65536770044601;3,10730875524883;1,54340836012862;392;"Japan"
"998";2005;32,7512605042017;5,72287170083357;7,11428571428571;4;"Afghanistan"
"999";2005;0;0;1;430;"Liberia"
"1000";2005;12,5;3,53553390593274;12,5;438;"Liechtenstein"
"1001";2005;0,0476190476190476;0,218217890235992;2,95238095238095;480;"Mauritius"
"1002";2005;NA;NA;101;498;"Moldova"
"1003";2005;NA;NA;21;533;"Aruba"
"1004";2005;0;0;1;554;"New Zealand"
"1005";2005;NA;NA;NA;578;"Norway"
"1006";2005;6,77560975609756;2,60300014523579;11,219512195122;616;"Poland"
"1007";2005;NA;NA;NA;620;"Portugal"
"1008";2005;0;0;1;660;"Anguilla"
"1009";2005;0;0;1;670;"St. Vincent and the Grenadines"
"1010";2005;0;0;1;68;"Bolivia"
"1011";2005;NA;NA;NA;716;"Zimbabwe"
"1012";2005;NA;NA;NA;740;"Suriname"
"1013";2005;0;0;1;8;"Albania"
"1014";2005;0;0;1;826;"UK"
"1015";2005;0;0;1;834;"Tanzania"
"1016";2006;0;0;1;124;"Canada"
"1017";2006;11,8315789473684;3,43970622980632;3,6;132;"Cape Verde"
"1018";2006;15,6806722689076;3,95988286050328;4,71428571428571;170;"Colombia"
"1019";2006;NA;NA;NA;188;"Costa Rica"
"1020";2006;40,6666666666667;6,37704215656967;9,33333333333333;196;"Cyprus"
"1021";2006;41,4505494505495;6,4382101123332;14,2857142857143;203;"Czech Republic"
"1022";2006;3,17113783533765;1,78076888880552;3,78723404255319;214;"Dominican Republic"
"1023";2006;NA;NA;NA;218;"Ecuador"
"1024";2006;32,6153846153846;5,71098805946787;6;222;"El Salvador"
"1025";2006;NA;NA;NA;328;"Guyana"
"1026";2006;0;0;1;348;"Hungary"
"1027";2006;NA;NA;120;376;"Israel"
"1028";2006;149,484615384615;12,2263901207435;23,7307692307692;380;"Italy"
"1029";2006;NA;NA;NA;40;"Austria"
"1030";2006;0;0;2;414;"Kuwait"
"1031";2006;48,5;6,96419413859206;20;428;"Latvia"
"1032";2006;0;0;40;484;"Mexico"
"1033";2006;NA;NA;81;499;"Montenegro"
"1034";2006;NA;NA;NA;528;"Netherlands"
"1035";2006;NA;NA;NA;558;"Nicaragua"
"1036";2006;42,0833333333333;6,48716681867619;4,8;604;"Peru"
"1037";2006;0;0;1;662;"Saint Lucia"
"1038";2006;NA;NA;NA;674;"San Marino"
"1039";2006;2,17777777777778;1,47572957474524;4,2;70;"Bosnia and Herzegovina"
"1040";2006;NA;NA;NA;702;"Singapore"
"1041";2006;NA;NA;150;703;"Slovakia"
"1042";2006;NA;NA;NA;752;"Sweden"
"1043";2006;NA;NA;NA;76;"Brazil"
"1044";2006;0,32798339674853;0,572698347080319;1,04406779661017;800;"Uganda"
"1045";2006;NA;NA;NA;804;"Ukraine"
"1046";2006;0;0;20;807;"Macedonia"
"1047";2006;0;0;1;840;"US"
"1048";2006;0,128048780487805;0,357839042710274;1,14634146341463;882;"Samoa"
"1049";2006;0;0;1;894;"Zambia"
"1050";2006;0;0;1;90;"Solomon Islands"
"1051";2007;NA;NA;NA;1002;"Kosovo"
"1052";2007;1,46218487394958;1,20920836663893;2,11764705882353;120;"Cameroon"
"1053";2007;38,875;6,23498195666996;9;191;"Croatia"
"1054";2007;42,4469696969697;6,51513389708682;11,5833333333333;208;"Denmark"
"1055";2007;3,53787878787879;1,88092498199125;8,41666666666667;233;"Estonia"
"1056";2007;64,2380952380952;8,01486713789413;13,3333333333333;246;"Finland"
"1057";2007;0;0;1;250;"France"
"1058";2007;0;0;1;270;"Gambia"
"1059";2007;NA;NA;15;292;"Gibraltar"
"1060";2007;NA;NA;NA;300;"Greece"
"1061";2007;NA;NA;NA;32;"Argentina"
"1062";2007;NA;NA;NA;320;"Guatemala"
"1063";2007;1,1;1,04880884817015;10,5;352;"Iceland"
"1064";2007;0;0;1;36;"Australia"
"1065";2007;0,694352159468439;0,83327796050804;3,86046511627907;372;"Ireland"
"1066";2007;0;0;1;388;"Jamaica"
"1067";2007;NA;NA;98;398;"Kazakhstan"
"1068";2007;0;0;1;404;"Kenya"
"1069";2007;19,0125;4,36033255612459;1,4875;426;"Lesotho"
"1070";2007;0;0;1;44;"Bahamas"
"1071";2007;188,595238095238;13,7329981466262;3,11904761904762;51;"Armenia"
"1072";2007;NA;NA;NA;56;"Belgium"
"1073";2007;0,853260869565217;0,923721207705668;1,375;584;"Marshall Islands"
"1074";2007;NA;NA;NA;60;"Bermuda"
"1075";2007;0;0;1;608;"Philippines"
"1076";2007;6,77560975609756;2,60300014523579;11,219512195122;616;"Poland"
"1077";2007;NA;NA;65;626;"Timor-Leste"
"1078";2007;NA;NA;NA;643;"Russian Federation"
"1079";2007;NA;NA;NA;686;"Senegal"
"1080";2007;NA;NA;250;688;"Serbia"
"1081";2007;NA;NA;NA;690;"Seychelles"
"1082";2007;NA;NA;NA;694;"Sierra Leone"
"1083";2007;65,4566666666667;8,09052944291452;7,96;756;"Switzerland"
"1084";2007;0,511827956989247;0,71542152399075;2,61290322580645;768;"Togo"
"1085";2007;0;0;1;780;"Trinidad and Tobago"
"1086";2007;72,0679012345679;8,48928154996451;6,79012345679012;792;"Turkey"
"1087";2007;0;0;1;796;"Turks and Caicos Islands"
"1088";2007;NA;NA;NA;804;"Ukraine"
"1089";2007;0,9;0,948683298050514;1,3;92;"British Virgin Islands"
"1090";2008;0,105225225225225;0,324384378824297;1,05333333333333;1001;"Taiwan"
"1091";2008;0;0;1;112;"Belarus"
"1092";2008;20,1141304347826;4,48487797323211;5,125;116;"Cambodia"
"1093";2008;0;0;1;124;"Canada"
"1094";2008;NA;NA;33;234;"Faroe Islands"
"1095";2008;NA;NA;NA;24;"Angola"
"1096";2008;NA;NA;NA;288;"Ghana"
"1097";2008;0;0;1;308;"Grenada"
"1098";2008;150,204615384615;12,2557992552348;23,7307692307692;380;"Italy"
"1099";2008;NA;NA;NA;40;"Austria"
"1100";2008;0;0;1;410;"Korea"
"1101";2008;0;0;10;414;"Kuwait"
"1102";2008;66,125;8,1317279836453;1,95833333333333;440;"Lithuania"
"1103";2008;0;0;1;458;"Malaysia"
"1104";2008;0;0;1;459;"Malaysia"
"1105";2008;0;0;5;470;"Malta"
"1106";2008;0,506153846153846;0,711444900293653;2,88461538461538;496;"Mongolia"
"1107";2008;0;0;1;50;"Bangladesh"
"1108";2008;0;0;1;52;"Barbados"
"1109";2008;NA;NA;335;524;"Nepal"
"1110";2008;0;0;1;554;"New Zealand"
"1111";2008;5,23096845079265;2,28713105238695;1,23465703971119;586;"Pakistan"
"1112";2008;NA;NA;NA;600;"Paraguay"
"1113";2008;0,754985754985755;0,868899162725891;3,7037037037037;624;"Guinea-Bissau"
"1114";2008;NA;NA;NA;630;"Puerto Rico"
"1115";2008;0;0;1;64;"Bhutan"
"1116";2008;NA;NA;NA;646;"Rwanda"
"1117";2008;NA;NA;NA;674;"San Marino"
"1118";2008;NA;NA;250;688;"Serbia"
"1119";2008;0;0;1;705;"Slovenia"
"1120";2008;NA;NA;NA;716;"Zimbabwe"
"1121";2008;36,3966817496229;6,03296624800959;6,73076923076923;724;"Spain"
"1122";2008;0;0;20;807;"Macedonia"
"1123";2008;0;0;1;84;"Belize"
"1124";2008;0;0;1;840;"US"
"1125";2009;12,0158646218932;3,46639071973908;3,87096774193548;100;"Bulgaria"
"1126";2009;1,9;1,37840487520902;2,5;136;"Cayman Islands"
"1127";2009;NA;NA;NA;152;"Chile"
"1128";2009;18;4,24264068711928;3,5;20;"Andorra"
"1129";2009;15,2910052910053;3,91037150294001;4,42857142857143;218;"Ecuador"
"1130";2009;32,6153846153846;5,71098805946787;6;222;"El Salvador"
"1131";2009;0;0;1;276;"Germany"
"1132";2009;0;0;1;28;"Antigua and Barbuda"
"1133";2009;NA;NA;NA;300;"Greece"
"1134";2009;NA;NA;31;304;"Greenland"
"1135";2009;47,3260869565217;6,87939582787047;5,25;32;"Argentina"
"1136";2009;34,6928104575163;5,89006031017648;7,11111111111111;340;"Honduras"
"1137";2009;1,1;1,04880884817015;10,5;352;"Iceland"
"1138";2009;0;0;1;356;"India"
"1139";2009;3,81989063568011;1,95445405054202;7,24675324675325;360;"Indonesia"
"1140";2009;NA;NA;120;376;"Israel"
"1141";2009;9,65536770044601;3,10730875524883;1,54340836012862;392;"Japan"
"1142";2009;0;0;10;414;"Kuwait"
"1143";2009;12,5;3,53553390593274;12,5;438;"Liechtenstein"
"1144";2009;66,6666666666667;8,16496580927726;15;442;"Luxembourg"
"1145";2009;0;0;1;454;"Malawi"
"1146";2009;0;0;1;462;"Maldives"
"1147";2009;24,6063416738568;4,9604779682866;1,63934426229508;484;"Mexico"
"1148";2009;0;0;101;498;"Moldova"
"1149";2009;NA;NA;81;499;"Montenegro"
"1150";2009;NA;NA;9;500;"Montserrat"
"1151";2009;NA;NA;NA;508;"Mozambique"
"1152";2009;NA;NA;72;516;"Namibia"
"1153";2009;NA;NA;21;533;"Aruba"
"1154";2009;NA;NA;NA;578;"Norway"
"1155";2009;NA;NA;NA;620;"Portugal"
"1156";2009;0;0;1;68;"Bolivia"
"1157";2009;180,194444444444;13,423652425642;22,2222222222222;710;"South Africa"
"1158";2009;0;0;1;72;"Botswana"
"1159";2009;NA;NA;NA;8;"Albania"
"1160";2009;NA;NA;NA;858;"Uruguay"
"1161";2010;NA;NA;NA;1002;"Kosovo"
"1162";2010;0;0;1;104;"Myanmar"
"1163";2010;NA;NA;NA;144;"Sri Lanka"
"1164";2010;16,3598484848485;4,04473095333281;4,78787878787879;170;"Colombia"
"1165";2010;32,8095238095238;5,72795982960109;8,14285714285714;188;"Costa Rica"
"1166";2010;41,6043956043956;6,45014694440333;14,2857142857143;203;"Czech Republic"
"1167";2010;NA;NA;NA;214;"Dominican Republic"
"1168";2010;0;0;1;231;"Ethiopia"
"1169";2010;0;0;1;31;"Azerbaijan"
"1170";2010;0;0;1;348;"Hungary"
"1171";2010;0;0;1;36;"Australia"
"1172";2010;192,653594771242;13,8799709931701;17,2222222222222;368;"Iraq"
"1173";2010;32,7512605042017;5,72287170083357;7,11428571428571;4;"Afghanistan"
"1174";2010;55;7,41619848709566;20;428;"Latvia"
"1175";2010;0;0;1;48;"Bahrain"
"1176";2010;0,0476190476190476;0,218217890235992;2,95238095238095;480;"Mauritius"
"1177";2010;NA;NA;101;498;"Moldova"
"1178";2010;NA;NA;NA;528;"Netherlands"
"1179";2010;NA;NA;NA;56;"Belgium"
"1180";2010;0;0;1;608;"Philippines"
"1181";2010;0;0;1;659;"Saint Kitts and Nevis"
"1182";2010;0;0;1;660;"Anguilla"
"1183";2010;0;0;1;670;"St. Vincent and the Grenadines"
"1184";2010;2,17777777777778;1,47572957474524;4,2;70;"Bosnia and Herzegovina"
"1185";2010;NA;NA;150;703;"Slovakia"
"1186";2010;NA;NA;NA;740;"Suriname"
"1187";2010;48,7931034482759;6,98520604193433;11,6896551724138;752;"Sweden"
"1188";2010;NA;NA;NA;76;"Brazil"
"1189";2010;0;0;1;780;"Trinidad and Tobago"
"1190";2010;0;0;1;826;"UK"
"1191";2010;0;0;1;840;"US"
"1192";2010;0,391010712622264;0,625308493962991;1,44736842105263;862;"Venezuela"
"1193";2010;0;0;1;90;"Solomon Islands"
"1194";2011;0;0;1;124;"Canada"
"1195";2011;31,4358974358974;5,60677246157693;5,53846153846154;132;"Cape Verde"
"1196";2011;40,1102941176471;6,33326883352089;8,88235294117647;191;"Croatia"
"1197";2011;40,6666666666667;6,37704215656967;9,33333333333333;196;"Cyprus"
"1198";2011;18;4,24264068711928;3,5;20;"Andorra"
"1199";2011;0,954710144927536;0,977092700273386;3,45833333333333;204;"Benin"
"1200";2011;41,5378787878788;6,44498865692398;11,5833333333333;208;"Denmark"
"1201";2011;5,35606060606061;2,31431644466797;8,41666666666667;233;"Estonia"
"1202";2011;NA;NA;33;234;"Faroe Islands"
"1203";2011;67,8095238095238;8,2346538366542;13,3333333333333;246;"Finland"
"1204";2011;NA;NA;17;292;"Gibraltar"
"1205";2011;NA;NA;NA;32;"Argentina"
"1206";2011;NA;NA;NA;320;"Guatemala"
"1207";2011;2,94444444444444;1,71593835683117;2,5;328;"Guyana"
"1208";2011;0,646733111849391;0,804197184681339;3,86046511627907;372;"Ireland"
"1209";2011;0,451348583134175;0,671824815807049;1,24137931034483;384;"Ivory Coast"
"1210";2011;0;0;1;388;"Jamaica"
"1211";2011;62;7,87400787401181;20;428;"Latvia"
"1212";2011;0;0;1;430;"Liberia"
"1213";2011;0;0;1;554;"New Zealand"
"1214";2011;NA;NA;NA;558;"Nicaragua"
"1215";2011;60,4625;7,77576362809467;7,0625;562;"Niger"
"1216";2011;0;0;1;566;"Nigeria"
"1217";2011;0,853260869565217;0,923721207705668;1,375;584;"Marshall Islands"
"1218";2011;42,88;6,54828221749796;5;604;"Peru"
"1219";2011;7,02560975609756;2,65058668149102;11,219512195122;616;"Poland"
"1220";2011;NA;NA;NA;620;"Portugal"
"1221";2011;NA;NA;NA;643;"Russian Federation"
"1222";2011;0;0;1;662;"Saint Lucia"
"1223";2011;0;0;1;690;"Seychelles"
"1224";2011;4,25641025641026;2,06310694255297;3,22222222222222;702;"Singapore"
"1225";2011;0;0;1;705;"Slovenia"
"1226";2011;37,4555052790347;6,12009029990855;6,73076923076923;724;"Spain"
"1227";2011;64,7015384615385;8,043726652587;7,69230769230769;756;"Switzerland"
"1228";2011;0,80952380952381;0,899735410842438;2,85714285714286;784;"United Arab Emirates"
"1229";2011;102,967901234568;10,1473100491987;6,79012345679012;792;"Turkey"
"1230";2011;0;0;1;800;"Uganda"
"1231";2011;0;0;20;807;"Macedonia"
"1232";2011;0,128048780487805;0,357839042710274;1,14634146341463;882;"Samoa"
"1233";2011;0;0;1;894;"Zambia"
"1234";2011;0,9;0,948683298050514;1,3;92;"British Virgin Islands"
"1235";2012;0,105225225225225;0,324384378824297;1,05333333333333;1001;"Taiwan"
"1236";2012;31,0769230769231;5,57466797907491;6;222;"El Salvador"
"1237";2012;NA;NA;NA;24;"Angola"
"1238";2012;0;0;1;250;"France"
"1239";2012;78,054054054054;8,83482054453026;2,02702702702703;268;"Georgia"
"1240";2012;0;0;1;270;"Gambia"
"1241";2012;0;0;1;288;"Ghana"
"1242";2012;NA;NA;NA;300;"Greece"
"1243";2012;4,6105117974484;2,14721023596862;1,40594059405941;364;"Iran"
"1244";2012;9,65536770044601;3,10730875524883;1,54340836012862;392;"Japan"
"1245";2012;NA;NA;NA;398;"Kazakhstan"
"1246";2012;NA;NA;NA;410;"Korea"
"1247";2012;18,7777777777778;4,33333333333334;1,48148148148148;426;"Lesotho"
"1248";2012;2,87002042900919;1,69411346403043;2,24719101123596;434;"Libya"
"1249";2012;0;0;1;44;"Bahamas"
"1250";2012;66,125;8,1317279836453;1,95833333333333;440;"Lithuania"
"1251";2012;24,6063416738568;4,9604779682866;1,63934426229508;484;"Mexico"
"1252";2012;0,295384615384615;0,543492976389406;1,84615384615385;496;"Mongolia"
"1253";2012;NA;NA;81;499;"Montenegro"
"1254";2012;188,595238095238;13,7329981466262;3,11904761904762;51;"Armenia"
"1255";2012;NA;NA;NA;528;"Netherlands"
"1256";2012;NA;NA;21;531;"Curacao"
"1257";2012;5,43382352941176;2,33105631193495;3,05882352941176;548;"Vanuatu"
"1258";2012;0;0;1;60;"Bermuda"
"1259";2012;NA;NA;65;626;"Timor-Leste"
"1260";2012;2,4390243902439;1,56173761888606;1,24390243902439;630;"Puerto Rico"
"1261";2012;0;0;1;642;"Romania"
"1262";2012;NA;NA;60;674;"San Marino"
"1263";2012;73,1147086031452;8,55071392359405;3,19148936170213;686;"Senegal"
"1264";2012;NA;NA;250;688;"Serbia"
"1265";2012;0;0;1;694;"Sierra Leone"
"1266";2012;NA;NA;150;703;"Slovakia"
"1267";2012;1,45454545454545;1,20604537831105;1,36363636363636;796;"Turks and Caicos Islands"
"1268";2012;222,017699115044;14,9002583573254;1,99115044247788;804;"Ukraine"
"1269";2012;0;0;1;84;"Belize"
"1270";2012;0;0;1;840;"US"
"1271";2012;5,60821256038647;2,36816649760663;2,76086956521739;854;"Burkina Faso"
"1272";2013;14,1311827956989;3,75914655150593;7,74193548387097;100;"Bulgaria"
"1273";2013;20,1141304347826;4,48487797323211;5,125;116;"Cambodia"
"1274";2013;4;2;3;136;"Cayman Islands"
"1275";2013;NA;NA;NA;152;"Chile"
"1276";2013;41,2967032967033;6,42625110750454;14,2857142857143;203;"Czech Republic"
"1277";2013;5,13949579831933;2,26704561011007;3,91428571428571;218;"Ecuador"
"1278";2013;147,766666666667;12,1559313368687;10,8333333333333;262;"Djibouti"
"1279";2013;0;0;1;276;"Germany"
"1280";2013;NA;NA;31;304;"Greenland"
"1281";2013;0;0;1;308;"Grenada"
"1282";2013;NA;NA;NA;32;"Argentina"
"1283";2013;0;0;1;324;"Guinea"
"1284";2013;34,6928104575163;5,89006031017648;7,11111111111111;340;"Honduras"
"1285";2013;2,7;1,6431676725155;10,5;352;"Iceland"
"1286";2013;0;0;1;36;"Australia"
"1287";2013;NA;NA;120;376;"Israel"
"1288";2013;154,764615384615;12,4404427326609;23,7307692307692;380;"Italy"
"1289";2013;NA;NA;NA;40;"Austria"
"1290";2013;0;0;1;404;"Kenya"
"1291";2013;12,5;3,53553390593274;12,5;438;"Liechtenstein"
"1292";2013;66,6666666666667;8,16496580927726;15;442;"Luxembourg"
"1293";2013;0,202593440122044;0,450103810383831;1,27826086956522;450;"Madagascar"
"1294";2013;0;0;1;458;"Malaysia"
"1295";2013;0;0;5;470;"Malta"
"1296";2013;0;0;1;52;"Barbados"
"1297";2013;NA;NA;21;533;"Aruba"
"1298";2013;19,9883040935673;4,47082812167582;8,89473684210526;578;"Norway"
"1299";2013;5,30707282913165;2,3037084948256;1,23809523809524;586;"Pakistan"
"1300";2013;18,0261437908497;4,24572064446658;4,44444444444444;600;"Paraguay"
"1301";2013;13,8255319148936;3,71827001640462;1,24255319148936;608;"Philippines"
"1302";2013;0;0;1;64;"Bhutan"
"1303";2013;NA;NA;NA;716;"Zimbabwe"
"1304";2013;2,10229885057471;1,44993063647014;3,03333333333333;768;"Togo"
"1305";2013;NA;NA;NA;8;"Albania"
"1306";2014;14,1311827956989;3,75914655150593;7,74193548387097;100;"Bulgaria"
"1307";2014;15,5587301587302;3,9444556226088;4,61111111111111;170;"Colombia"
"1308";2014;28,1428571428571;5,30498417932204;8,14285714285714;188;"Costa Rica"
"1309";2014;NA;NA;50;242;"Fiji"
"1310";2014;NA;NA;31;304;"Greenland"
"1311";2014;79,1028037383178;8,89397569922011;1,85981308411215;348;"Hungary"
"1312";2014;0;0;1;356;"India"
"1313";2014;3,9377990430622;1,98438883363674;7,27272727272727;360;"Indonesia"
"1314";2014;9,80873245473053;3,13188959810695;1,55228758169935;392;"Japan"
"1315";2014;72,5;8,5146931829632;20;428;"Latvia"
"1316";2014;0;0;1;450;"Madagascar"
"1317";2014;0;0;1;454;"Malawi"
"1318";2014;0;0;1;462;"Maldives"
"1319";2014;0;0;1;48;"Bahrain"
"1320";2014;0,0476190476190476;0,218217890235992;2,95238095238095;480;"Mauritius"
"1321";2014;NA;NA;9;500;"Montserrat"
"1322";2014;144,072727272727;12,0030299205129;22,5454545454545;508;"Mozambique"
"1323";2014;NA;NA;96;516;"Namibia"
"1324";2014;33,3472222222222;5,77470537969014;1,68055555555556;554;"New Zealand"
"1325";2014;NA;NA;NA;56;"Belgium"
"1326";2014;1,1871921182266;1,08958346088154;3,51724137931034;624;"Guinea-Bissau"
"1327";2014;0;0;1;68;"Bolivia"
"1328";2014;NA;NA;250;688;"Serbia"
"1329";2014;2,17777777777778;1,47572957474524;4,2;70;"Bosnia and Herzegovina"
"1330";2014;0;0;1;705;"Slovenia"
"1331";2014;195,694444444444;13,9890830451622;22,2222222222222;710;"South Africa"
"1332";2014;0;0;1;72;"Botswana"
"1333";2014;53,820197044335;7,33622498594032;12,0344827586207;752;"Sweden"
"1334";2014;263,692307692308;16,2386054725247;19;76;"Brazil"
"1335";2014;0;0;1;776;"Tonga"
"1336";2014;222,017699115044;14,9002583573254;1,99115044247788;804;"Ukraine"
"1337";2014;90,25;9,5;13,6666666666667;807;"Macedonia"
"1338";2014;0;0;1;840;"US"
"1339";2014;78,5087719298246;8,86051758814487;5,21052631578947;858;"Uruguay"
"1340";2014;0;0;1;90;"Solomon Islands"
"1341";2015;0;0;1;104;"Myanmar"
"1342";2015;0;0;1;124;"Canada"
"1343";2015;16,4675324675325;4,05802075740533;8,90909090909091;144;"Sri Lanka"
"1344";2015;0;0;1;174;"Comoros"
"1345";2015;40,1102941176471;6,33326883352089;8,88235294117647;191;"Croatia"
"1346";2015;18;4,24264068711928;3,5;20;"Andorra"
"1347";2015;69,719696969697;8,34983215218707;13,4166666666667;208;"Denmark"
"1348";2015;31,0769230769231;5,57466797907491;6;222;"El Salvador"
"1349";2015;8,99242424242424;2,99873710792131;8,41666666666667;233;"Estonia"
"1350";2015;NA;NA;33;234;"Faroe Islands"
"1351";2015;68,0897435897436;8,25165096145878;15,3846153846154;246;"Finland"
"1352";2015;NA;NA;NA;300;"Greece"
"1353";2015;0;0;1;31;"Azerbaijan"
"1354";2015;46,4275362318841;6,81377547559971;5,41666666666667;32;"Argentina"
"1355";2015;42,606884057971;6,52739489061072;6,54166666666667;320;"Guatemala"
"1356";2015;2,94444444444444;1,71593835683117;2,5;328;"Guyana"
"1357";2015;NA;NA;120;376;"Israel"
"1358";2015;18,7777777777778;4,33333333333334;1,48148148148148;426;"Lesotho"
"1359";2015;0;0;1;583;"Micronesia"
"1360";2015;0,853260869565217;0,923721207705668;1,375;584;"Marshall Islands"
"1361";2015;7,02560975609756;2,65058668149102;11,219512195122;616;"Poland"
"1362";2015;137,307359307359;11,7178222937267;10,4545454545455;620;"Portugal"
"1363";2015;0;0;1;659;"Saint Kitts and Nevis"
"1364";2015;0;0;1;670;"St. Vincent and the Grenadines"
"1365";2015;3,85221674876847;1,96270648563876;3,06896551724138;702;"Singapore"
"1366";2015;37,3770739064857;6,11367924465176;6,73076923076923;724;"Spain"
"1367";2015;19,4333333333333;4,40832545682976;5,1;740;"Suriname"
"1368";2015;66,3815384615385;8,14748663463393;7,69230769230769;756;"Switzerland"
"1369";2015;0;0;1;780;"Trinidad and Tobago"
"1370";2015;35,0160990712074;5,91744024652614;6,50877192982456;792;"Turkey"
"1371";2015;0;0;1;826;"UK"
"1372";2015;0;0;1;834;"Tanzania"
"1373";2015;5,60821256038647;2,36816649760663;2,76086956521739;854;"Burkina Faso"
"1374";2015;0,9;0,948683298050514;1,3;92;"British Virgin Islands"
"1375";2016;0,105225225225225;0,324384378824297;1,05333333333333;1001;"Taiwan"
"1376";2016;29,4358974358974;5,4254859170306;5,53846153846154;132;"Cape Verde"
"1377";2016;40,1102941176471;6,33326883352089;8,88235294117647;191;"Croatia"
"1378";2016;40,6666666666667;6,37704215656967;9,33333333333333;196;"Cyprus"
"1379";2016;NA;NA;NA;214;"Dominican Republic"
"1380";2016;78,054054054054;8,83482054453026;2,02702702702703;268;"Georgia"
"1381";2016;0;0;1;288;"Ghana"
"1382";2016;NA;NA;1;31;"Azerbaijan"
"1383";2016;2,7;1,6431676725155;10,5;352;"Iceland"
"1384";2016;0;0;1;36;"Australia"
"1385";2016;0,63525641025641;0,797029742391343;3,925;372;"Ireland"
"1386";2016;0,450023912003826;0,67083821596852;1,24390243902439;384;"Ivory Coast"
"1387";2016;0;0;1;388;"Jamaica"
"1388";2016;NA;NA;98;398;"Kazakhstan"
"1389";2016;NA;NA;81;499;"Montenegro"
"1390";2016;0,553571428571429;0,744023809142845;2,375;520;"Nauru"
"1391";2016;5,51633986928105;2,34868896818652;2,88888888888889;548;"Vanuatu"
"1392";2016;140,683823529412;11,8610211840892;10,0588235294118;562;"Niger"
"1393";2016;17,0996677740864;4,13517445509695;7,25581395348837;642;"Romania"
"1394";2016;0;0;1;662;"Saint Lucia"
"1395";2016;NA;NA;60;674;"San Marino"
"1396";2016;NA;NA;250;688;"Serbia"
"1397";2016;0;0;1;690;"Seychelles"
"1398";2016;NA;NA;150;703;"Slovakia"
"1399";2016;37,8084464555053;6,14885732925275;6,73076923076923;724;"Spain"
"1400";2016;0,275228917973057;0,524622643404816;1,04156479217604;800;"Uganda"
"1401";2016;0;0;1;840;"US"
"1402";2016;0;0;1;882;"Samoa"
"1403";2016;0;0;1;894;"Zambia"
"1404";2017;15,5483870967742;3,94314431599633;7,5;100;"Bulgaria"
"1405";2017;43,4505494505495;6,59170307663729;14,2857142857143;203;"Czech Republic"
"1406";2017;822,368421052632;28,6769667338202;11,5789473684211;24;"Angola"
"1407";2017;0;0;1;250;"France"
"1408";2017;0;0;1;270;"Gambia"
"1409";2017;34,6928104575163;5,89006031017648;7,11111111111111;340;"Honduras"
"1410";2017;2,7;1,6431676725155;10,5;352;"Iceland"
"1411";2017;18,7777777777778;4,33333333333334;1,48148148148148;426;"Lesotho"
"1412";2017;0;0;1;430;"Liberia"
"1413";2017;0;0;5;470;"Malta"
"1414";2017;204,269230769231;14,2922787115712;7,5;51;"Armenia"
"1415";2017;NA;NA;NA;528;"Netherlands"
"1416";2017;19,9883040935673;4,47082812167582;8,89473684210526;578;"Norway"
"1417";2017;0;0;1;776;"Tonga"
"1418";2017;65,8787878787879;8,1165748859225;11,6666666666667;8;"Albania"
"1419";2017;0;0;1;826;"UK"
"1420";2018;0;0;1;266;"Gabon"
"1421";2018;625,420832439391;25,0084152324651;2,65822784810127;380;"Italy"
"1422";2018;5,40952380952381;2,32583830253176;8,53333333333333;422;"Lebanon"
"1423";2018;0;0;1;458;"Malaysia"
"1424";2018;19,437908496732;4,40884434934281;4,44444444444444;600;"Paraguay"
"1425";2018;0;0;1;694;"Sierra Leone"
