"";"varmag";"sdmag";"memag";"UN";"country";"year";"month"
"1";NA;NA;NA;234;"Faroe Islands";1946;11
"2";NA;NA;NA;300;"Greece";1946;3
"3";1,81349206349206;1,34665959451231;1,46428571428571;352;"Iceland";1946;6
"4";0;0;1;36;"Australia";1946;9
"5";NA;NA;NA;380;"Italy";1946;6
"6";NA;NA;NA;528;"Netherlands";1946;5
"7";0;0;1;554;"New Zealand";1946;11
"8";NA;NA;NA;56;"Belgium";1946;2
"9";0;0;1;608;"Philippines";1946;4
"10";NA;NA;NA;840;"US";1946;11
"11";NA;NA;NA;840;"US";1946;9
"12";0;0;1;144;"Sri Lanka";1947;8
"13";NA;NA;NA;208;"Denmark";1947;10
"14";0,672119068670793;0,819828682512873;3,98290598290598;392;"Japan";1947;4
"15";0;0;5;470;"Malta";1947;10
"16";NA;NA;NA;756;"Switzerland";1947;10
"17";NA;NA;NA;76;"Brazil";1947;1
"18";NA;NA;NA;246;"Finland";1948;7
"19";NA;NA;NA;372;"Ireland";1948;2
"20";NA;NA;NA;380;"Italy";1948;4
"21";0;0;1;410;"Korea";1948;5
"22";98;9,89949493661167;13;442;"Luxembourg";1948;6
"23";NA;NA;NA;528;"Netherlands";1948;7
"24";NA;NA;NA;752;"Sweden";1948;9
"25";NA;NA;NA;840;"US";1948;11
"26";NA;NA;NA;840;"US";1948;9
"27";0,00766260766260766;0,0875363219618443;1,00769230769231;124;"Canada";1949;6
"28";0;0;1;276;"Germany";1949;8
"29";1,81349206349206;1,34665959451231;1,46428571428571;352;"Iceland";1949;10
"30";0;0;1;36;"Australia";1949;12
"31";NA;NA;120;376;"Israel";1949;1
"32";0;0;1;388;"Jamaica";1949;12
"33";0,672119068670793;0,819828682512873;3,98290598290598;392;"Japan";1949;1
"34";NA;NA;NA;40;"Austria";1949;10
"35";NA;NA;NA;438;"Liechtenstein";1949;2
"36";0;0;1;554;"New Zealand";1949;11
"37";NA;NA;NA;56;"Belgium";1949;6
"38";NA;NA;NA;578;"Norway";1949;10
"39";0;0;1;608;"Philippines";1949;11
"40";NA;NA;NA;208;"Denmark";1950;9
"41";NA;NA;NA;234;"Faroe Islands";1950;11
"42";0;0;1;410;"Korea";1950;5
"43";0;0;5;470;"Malta";1950;9
"44";NA;NA;NA;56;"Belgium";1950;6
"45";NA;NA;NA;76;"Brazil";1950;10
"46";NA;NA;NA;792;"Turkey";1950;5
"47";0;0;1;826;"UK";1950;2
"48";NA;NA;NA;840;"US";1950;11
"49";NA;NA;NA;840;"US";1950;9
"50";NA;NA;NA;246;"Finland";1951;7
"51";0;0;1;28;"Antigua and Barbuda";1951;5
"52";NA;NA;NA;300;"Greece";1951;9
"53";0;0;1;308;"Grenada";1951;10
"54";0;0;1;36;"Australia";1951;4
"55";NA;NA;NA;372;"Ireland";1951;5
"56";NA;NA;120;376;"Israel";1951;7
"57";18;4,24264068711928;13;442;"Luxembourg";1951;6
"58";0;0;5;470;"Malta";1951;5
"59";0;0;1;554;"New Zealand";1951;9
"60";0;0;1;662;"Saint Lucia";1951;10
"61";0;0;1;670;"St. Vincent and the Grenadines";1951;10
"62";NA;NA;NA;756;"Switzerland";1951;10
"63";0;0;1;826;"UK";1951;10
"64";0;0;1;144;"Sri Lanka";1952;5
"65";NA;NA;NA;300;"Greece";1952;11
"66";0,672119068670793;0,819828682512873;3,98290598290598;392;"Japan";1952;10
"67";NA;NA;NA;528;"Netherlands";1952;6
"68";0;0;1;659;"Saint Kitts and Nevis";1952;10
"69";NA;NA;NA;752;"Sweden";1952;9
"70";NA;NA;NA;840;"US";1952;11
"71";NA;NA;NA;840;"US";1952;9
"72";0,00757553768902563;0,0870375648155762;1,00760456273764;124;"Canada";1953;8
"73";NA;NA;NA;188;"Costa Rica";1953;7
"74";NA;NA;NA;208;"Denmark";1953;4
"75";NA;NA;NA;208;"Denmark";1953;9
"76";0;0;1;276;"Germany";1953;9
"77";NA;NA;NA;328;"Guyana";1953;4
"78";1,81349206349206;1,34665959451231;1,46428571428571;352;"Iceland";1953;6
"79";NA;NA;NA;380;"Italy";1953;6
"80";0,672119068670793;0,819828682512873;3,98290598290598;392;"Japan";1953;4
"81";NA;NA;NA;40;"Austria";1953;2
"82";NA;NA;NA;438;"Liechtenstein";1953;2
"83";NA;NA;NA;438;"Liechtenstein";1953;6
"84";0;0;5;470;"Malta";1953;12
"85";NA;NA;NA;578;"Norway";1953;10
"86";0;0;1;608;"Philippines";1953;11
"87";NA;NA;NA;234;"Faroe Islands";1954;11
"88";NA;NA;NA;246;"Finland";1954;3
"89";0;0;1;308;"Grenada";1954;9
"90";0;0;1;36;"Australia";1954;5
"91";NA;NA;NA;372;"Ireland";1954;4
"92";0;0;1;410;"Korea";1954;5
"93";38,6666666666667;6,21825270205921;13;442;"Luxembourg";1954;5
"94";0;0;1;554;"New Zealand";1954;11
"95";NA;NA;NA;56;"Belgium";1954;4
"96";0;0;1;662;"Saint Lucia";1954;9
"97";0;0;1;670;"St. Vincent and the Grenadines";1954;8
"98";NA;NA;NA;76;"Brazil";1954;10
"99";NA;NA;NA;792;"Turkey";1954;5
"100";0;0;1;84;"Belize";1954;4
"101";NA;NA;NA;840;"US";1954;11
"102";NA;NA;NA;840;"US";1954;9
"103";NA;NA;NA;858;"Uruguay";1954;11
"104";0;0;1;36;"Australia";1955;12
"105";NA;NA;120;376;"Israel";1955;7
"106";0;0;1;388;"Jamaica";1955;1
"107";0,741778936694191;0,861265891983533;3,95762711864407;392;"Japan";1955;2
"108";0;0;5;470;"Malta";1955;2
"109";NA;NA;NA;756;"Switzerland";1955;10
"110";0;0;1;826;"UK";1955;5
"111";0;0;1;144;"Sri Lanka";1956;4
"112";0;0;1;28;"Antigua and Barbuda";1956;11
"113";NA;NA;NA;300;"Greece";1956;2
"114";1,81349206349206;1,34665959451231;1,46428571428571;352;"Iceland";1956;6
"115";NA;NA;NA;40;"Austria";1956;5
"116";NA;NA;NA;528;"Netherlands";1956;6
"117";NA;NA;NA;752;"Sweden";1956;9
"118";NA;NA;NA;840;"US";1956;11
"119";NA;NA;NA;840;"US";1956;9
"120";0,00757553768902563;0,0870375648155762;1,00760456273764;124;"Canada";1957;6
"121";NA;NA;NA;208;"Denmark";1957;5
"122";0;0;1;276;"Germany";1957;9
"123";0;0;1;308;"Grenada";1957;9
"124";NA;NA;NA;328;"Guyana";1957;8
"125";NA;NA;NA;372;"Ireland";1957;3
"126";NA;NA;NA;438;"Liechtenstein";1957;9
"127";0;0;1;554;"New Zealand";1957;11
"128";NA;NA;NA;578;"Norway";1957;10
"129";0;0;1;608;"Philippines";1957;11
"130";0;0;1;659;"Saint Kitts and Nevis";1957;11
"131";0;0;1;662;"Saint Lucia";1957;9
"132";0;0;1;670;"St. Vincent and the Grenadines";1957;9
"133";NA;NA;NA;792;"Turkey";1957;10
"134";0;0;1;84;"Belize";1957;3
"135";0,00757553768902563;0,0870375648155762;1,00760456273764;124;"Canada";1958;3
"136";NA;NA;NA;188;"Costa Rica";1958;2
"137";NA;NA;NA;234;"Faroe Islands";1958;11
"138";NA;NA;NA;246;"Finland";1958;7
"139";NA;NA;NA;300;"Greece";1958;5
"140";0;0;1;36;"Australia";1958;11
"141";NA;NA;NA;380;"Italy";1958;5
"142";0,741778936694191;0,861265891983533;3,95762711864407;392;"Japan";1958;5
"143";0;0;1;410;"Korea";1958;5
"144";NA;NA;NA;438;"Liechtenstein";1958;3
"145";NA;NA;NA;56;"Belgium";1958;6
"146";NA;NA;NA;752;"Sweden";1958;6
"147";NA;NA;NA;76;"Brazil";1958;10
"148";NA;NA;NA;840;"US";1958;11
"149";NA;NA;NA;840;"US";1958;9
"150";NA;NA;NA;858;"Uruguay";1958;11
"151";NA;NA;NA;352;"Iceland";1959;10
"152";1,81349206349206;1,34665959451231;1,46428571428571;352;"Iceland";1959;6
"153";NA;NA;120;376;"Israel";1959;11
"154";0;0;1;388;"Jamaica";1959;7
"155";NA;NA;NA;40;"Austria";1959;5
"156";38,6666666666667;6,21825270205921;13;442;"Luxembourg";1959;2
"157";0;0;1;458;"Malaysia";1959;8
"158";NA;NA;NA;528;"Netherlands";1959;3
"159";NA;NA;NA;756;"Switzerland";1959;10
"160";0;0;1;826;"UK";1959;10
"161";NA;NA;NA;840;"US";1959;11
"162";0;0;1;144;"Sri Lanka";1960;3
"163";0;0;1;144;"Sri Lanka";1960;7
"164";NA;NA;NA;208;"Denmark";1960;11
"165";0;0;1;28;"Antigua and Barbuda";1960;11
"166";0,741778936694191;0,861265891983533;3,95762711864407;392;"Japan";1960;11
"167";0;0;1;410;"Korea";1960;7
"168";0;0;1;554;"New Zealand";1960;11
"169";NA;NA;NA;752;"Sweden";1960;9
"170";NA;NA;NA;840;"US";1960;11
"171";0;0;1;276;"Germany";1961;9
"172";NA;NA;NA;300;"Greece";1961;10
"173";0;0;1;308;"Grenada";1961;3
"174";NA;NA;NA;328;"Guyana";1961;8
"175";0;0;1;36;"Australia";1961;12
"176";NA;NA;NA;372;"Ireland";1961;10
"177";NA;NA;120;376;"Israel";1961;8
"178";0;0;1;404;"Kenya";1961;2
"179";NA;NA;NA;56;"Belgium";1961;3
"180";NA;NA;NA;578;"Norway";1961;9
"181";0;0;1;608;"Philippines";1961;11
"182";0;0;1;659;"Saint Kitts and Nevis";1961;11
"183";0;0;1;662;"Saint Lucia";1961;4
"184";0;0;1;670;"St. Vincent and the Grenadines";1961;4
"185";NA;NA;NA;792;"Turkey";1961;10
"186";0;0;1;84;"Belize";1961;3
"187";0,00757553768902563;0,0870375648155762;1,00760456273764;124;"Canada";1962;6
"188";NA;NA;NA;188;"Costa Rica";1962;2
"189";NA;NA;NA;214;"Dominican Republic";1962;12
"190";NA;NA;NA;234;"Faroe Islands";1962;11
"191";NA;NA;NA;246;"Finland";1962;2
"192";0;0;1;308;"Grenada";1962;9
"193";0;0;1;356;"India";1962;2
"194";0;0;1;388;"Jamaica";1962;4
"195";NA;NA;NA;40;"Austria";1962;11
"196";NA;NA;NA;438;"Liechtenstein";1962;3
"197";0;0;5;470;"Malta";1962;2
"198";NA;NA;NA;76;"Brazil";1962;10
"199";NA;NA;NA;840;"US";1962;11
"200";NA;NA;NA;858;"Uruguay";1962;11
"201";0,00757553768902563;0,0870375648155762;1,00760456273764;124;"Canada";1963;4
"202";NA;NA;NA;300;"Greece";1963;11
"203";NA;NA;NA;352;"Iceland";1963;6
"204";0;0;1;36;"Australia";1963;11
"205";NA;NA;NA;380;"Italy";1963;4
"206";0,741778936694191;0,861265891983533;3,95762711864407;392;"Japan";1963;11
"207";0;0;1;404;"Kenya";1963;5
"208";0;0;1;410;"Korea";1963;11
"209";0;0;5;414;"Kuwait";1963;1
"210";NA;NA;NA;528;"Netherlands";1963;5
"211";0;0;1;554;"New Zealand";1963;11
"212";0;0;2;60;"Bermuda";1963;5
"213";19,9710144927536;4,46889410176093;5,83333333333333;604;"Peru";1963;6
"214";0;0;1;702;"Singapore";1963;9
"215";NA;NA;NA;756;"Switzerland";1963;10
"216";NA;NA;NA;208;"Denmark";1964;9
"217";NA;NA;NA;300;"Greece";1964;2
"218";62;7,87400787401181;14;442;"Luxembourg";1964;6
"219";0;0;1;458;"Malaysia";1964;4
"220";0;0;1;662;"Saint Lucia";1964;6
"221";NA;NA;NA;752;"Sweden";1964;9
"222";0;0;1;826;"UK";1964;10
"223";NA;NA;NA;840;"US";1964;11
"224";0;0;1;894;"Zambia";1964;1
"225";0,00757553768902563;0,0870375648155762;1,00760456273764;124;"Canada";1965;11
"226";0;0;1;144;"Sri Lanka";1965;3
"227";0;0;1;276;"Germany";1965;9
"228";0;0;1;28;"Antigua and Barbuda";1965;11
"229";NA;NA;NA;372;"Ireland";1965;4
"230";NA;NA;120;376;"Israel";1965;11
"231";0;0;1;426;"Lesotho";1965;4
"232";NA;NA;NA;56;"Belgium";1965;5
"233";NA;NA;NA;578;"Norway";1965;9
"234";0;0;1;608;"Philippines";1965;11
"235";0;0;1;72;"Botswana";1965;9
"236";NA;NA;NA;792;"Turkey";1965;10
"237";0;0;1;84;"Belize";1965;3
"238";NA;NA;NA;188;"Costa Rica";1966;2
"239";NA;NA;NA;208;"Denmark";1966;11
"240";NA;NA;NA;214;"Dominican Republic";1966;7
"241";NA;NA;NA;234;"Faroe Islands";1966;11
"242";NA;NA;NA;246;"Finland";1966;3
"243";0;0;1;36;"Australia";1966;11
"244";NA;NA;NA;40;"Austria";1966;3
"245";NA;NA;NA;438;"Liechtenstein";1966;2
"246";0;0;5;470;"Malta";1966;3
"247";0;0;2;52;"Barbados";1966;11
"248";0;0;1;554;"New Zealand";1966;11
"249";0;0;1;659;"Saint Kitts and Nevis";1966;7
"250";0;0;1;670;"St. Vincent and the Grenadines";1966;8
"251";NA;NA;NA;76;"Brazil";1966;11
"252";0;0;1;780;"Trinidad and Tobago";1966;11
"253";0;0;1;826;"UK";1966;3
"254";NA;NA;NA;840;"US";1966;11
"255";NA;NA;NA;858;"Uruguay";1966;11
"256";0;0;1;308;"Grenada";1967;8
"257";NA;NA;NA;352;"Iceland";1967;6
"258";0;0;1;356;"India";1967;2
"259";0;0;1;388;"Jamaica";1967;2
"260";0,751699320271891;0,867005951693465;3,95121951219512;392;"Japan";1967;1
"261";0;0;1;410;"Korea";1967;6
"262";0;0;5;414;"Kuwait";1967;1
"263";0,0476190476190476;0,218217890235992;2,95238095238095;480;"Mauritius";1967;8
"264";NA;NA;NA;528;"Netherlands";1967;2
"265";0;0;1;670;"St. Vincent and the Grenadines";1967;5
"266";NA;NA;NA;756;"Switzerland";1967;10
"267";0;0;1;90;"Solomon Islands";1967;5
"268";0;0;1;124;"Canada";1968;6
"269";NA;NA;NA;208;"Denmark";1968;1
"270";NA;NA;NA;380;"Italy";1968;5
"271";62;7,87400787401181;14;442;"Luxembourg";1968;12
"272";NA;NA;NA;56;"Belgium";1968;3
"273";0;0;1;702;"Singapore";1968;4
"274";NA;NA;NA;752;"Sweden";1968;9
"275";NA;NA;NA;840;"US";1968;11
"276";0;0;1;894;"Zambia";1968;12
"277";0;0;1;276;"Germany";1969;9
"278";0;0;1;36;"Australia";1969;10
"279";NA;NA;NA;372;"Ireland";1969;6
"280";NA;NA;120;376;"Israel";1969;10
"281";0,751699320271891;0,867005951693465;3,95121951219512;392;"Japan";1969;12
"282";0;0;1;458;"Malaysia";1969;4
"283";0;0;1;554;"New Zealand";1969;11
"284";NA;NA;NA;578;"Norway";1969;9
"285";0;0;1;608;"Philippines";1969;11
"286";0;0;1;662;"Saint Lucia";1969;4
"287";0;0;1;72;"Botswana";1969;10
"288";NA;NA;NA;764;"Thailand";1969;2
"289";NA;NA;NA;792;"Turkey";1969;10
"290";0;0;1;84;"Belize";1969;12
"291";0;0;1;144;"Sri Lanka";1970;5
"292";NA;NA;NA;188;"Costa Rica";1970;2
"293";NA;NA;NA;214;"Dominican Republic";1970;5
"294";NA;NA;NA;234;"Faroe Islands";1970;11
"295";NA;NA;NA;246;"Finland";1970;3
"296";NA;NA;NA;40;"Austria";1970;3
"297";0;0;1;426;"Lesotho";1970;1
"298";NA;NA;NA;438;"Liechtenstein";1970;2
"299";NA;NA;NA;752;"Sweden";1970;9
"300";NA;NA;NA;76;"Brazil";1970;11
"301";0;0;1;826;"UK";1970;6
"302";NA;NA;NA;840;"US";1970;11
"303";0;0;1;90;"Solomon Islands";1970;5
"304";NA;NA;NA;208;"Denmark";1971;9
"305";0;0;1;28;"Antigua and Barbuda";1971;2
"306";NA;NA;NA;352;"Iceland";1971;6
"307";0;0;1;356;"India";1971;3
"308";NA;NA;NA;40;"Austria";1971;10
"309";0;0;1;410;"Korea";1971;5
"310";0;0;5;414;"Kuwait";1971;1
"311";0,277777777777778;0,52704627669473;5,5;470;"Malta";1971;6
"312";0;0;1;52;"Barbados";1971;9
"313";NA;NA;NA;528;"Netherlands";1971;4
"314";NA;NA;NA;56;"Belgium";1971;11
"315";0;0;1;659;"Saint Kitts and Nevis";1971;5
"316";NA;NA;NA;756;"Switzerland";1971;10
"317";0;0;1;780;"Trinidad and Tobago";1971;5
"318";NA;NA;NA;858;"Uruguay";1971;11
"319";0;0;1;124;"Canada";1972;10
"320";NA;NA;NA;246;"Finland";1972;1
"321";0;0;1;276;"Germany";1972;11
"322";0;0;1;308;"Grenada";1972;2
"323";0;0;1;36;"Australia";1972;12
"324";NA;NA;NA;380;"Italy";1972;5
"325";0;0;1;388;"Jamaica";1972;2
"326";0,754458431681091;0,868595666395528;3,95967741935484;392;"Japan";1972;12
"327";NA;NA;NA;528;"Netherlands";1972;11
"328";0;0;1;554;"New Zealand";1972;11
"329";0;0;2;60;"Bermuda";1972;6
"330";0;0;1;670;"St. Vincent and the Grenadines";1972;4
"331";0;0;1;702;"Singapore";1972;9
"332";NA;NA;NA;840;"US";1972;11
"333";NA;NA;NA;208;"Denmark";1973;12
"334";0;0;1;250;"France";1973;3
"335";NA;NA;NA;372;"Ireland";1973;2
"336";NA;NA;120;376;"Israel";1973;12
"337";0;0;2;410;"Korea";1973;2
"338";0;0;1;50;"Bangladesh";1973;3
"339";NA;NA;NA;578;"Norway";1973;9
"340";NA;NA;NA;752;"Sweden";1973;9
"341";NA;NA;NA;792;"Turkey";1973;10
"342";0;0;1;90;"Solomon Islands";1973;5
"343";0;0;1;124;"Canada";1974;7
"344";NA;NA;NA;188;"Costa Rica";1974;2
"345";NA;NA;NA;214;"Dominican Republic";1974;5
"346";NA;NA;NA;234;"Faroe Islands";1974;11
"347";NA;NA;NA;300;"Greece";1974;11
"348";NA;NA;NA;352;"Iceland";1974;6
"349";0;0;1;36;"Australia";1974;5
"350";NA;NA;NA;438;"Liechtenstein";1974;2
"351";74,25;8,61684396980704;14,75;442;"Luxembourg";1974;5
"352";NA;NA;NA;56;"Belgium";1974;3
"353";0;0;1;662;"Saint Lucia";1974;5
"354";0;0;1;670;"St. Vincent and the Grenadines";1974;12
"355";0;0;1;72;"Botswana";1974;10
"356";NA;NA;NA;76;"Brazil";1974;11
"357";0;0;1;826;"UK";1974;10
"358";0;0;1;826;"UK";1974;2
"359";0;0;1;84;"Belize";1974;10
"360";0;0;1;840;"US";1974;11
"361";NA;NA;NA;208;"Denmark";1975;1
"362";NA;NA;NA;246;"Finland";1975;9
"363";0;0;1;36;"Australia";1975;12
"364";NA;NA;NA;40;"Austria";1975;10
"365";0;0;5;414;"Kuwait";1975;1
"366";0;0;1;554;"New Zealand";1975;11
"367";NA;NA;NA;620;"Portugal";1975;4
"368";0;0;1;659;"Saint Kitts and Nevis";1975;12
"369";NA;NA;NA;756;"Switzerland";1975;10
"370";NA;NA;NA;764;"Thailand";1975;1
"371";0;0;1;276;"Germany";1976;10
"372";0;0;1;28;"Antigua and Barbuda";1976;2
"373";0;0;1;308;"Grenada";1976;12
"374";NA;NA;NA;380;"Italy";1976;6
"375";0;0;1;388;"Jamaica";1976;12
"376";0,747107930828861;0,864354054094074;3,93076923076923;392;"Japan";1976;12
"377";0;0;5;470;"Malta";1976;9
"378";0,0476190476190476;0,218217890235992;2,95238095238095;480;"Mauritius";1976;12
"379";0;0;1;52;"Barbados";1976;9
"380";0;0;2;60;"Bermuda";1976;5
"381";NA;NA;NA;620;"Portugal";1976;4
"382";0;0;1;702;"Singapore";1976;12
"383";NA;NA;NA;752;"Sweden";1976;9
"384";NA;NA;NA;764;"Thailand";1976;4
"385";0;0;1;780;"Trinidad and Tobago";1976;9
"386";0;0;1;840;"US";1976;11
"387";0;0;1;90;"Solomon Islands";1976;6
"388";0;0;1;144;"Sri Lanka";1977;7
"389";NA;NA;NA;208;"Denmark";1977;2
"390";NA;NA;NA;300;"Greece";1977;11
"391";0;0;1;356;"India";1977;3
"392";0;0;1;36;"Australia";1977;12
"393";NA;NA;NA;372;"Ireland";1977;6
"394";NA;NA;120;376;"Israel";1977;5
"395";NA;NA;NA;528;"Netherlands";1977;5
"396";NA;NA;NA;56;"Belgium";1977;4
"397";NA;NA;NA;578;"Norway";1977;9
"398";0;0;1;710;"South Africa";1977;11
"399";NA;NA;NA;724;"Spain";1977;6
"400";NA;NA;NA;792;"Turkey";1977;6
"401";NA;NA;NA;188;"Costa Rica";1978;2
"402";NA;NA;NA;214;"Dominican Republic";1978;5
"403";NA;NA;NA;234;"Faroe Islands";1978;11
"404";0;0;1;250;"France";1978;3
"405";NA;NA;NA;352;"Iceland";1978;6
"406";0;0;2;410;"Korea";1978;12
"407";NA;NA;NA;438;"Liechtenstein";1978;2
"408";0;0;1;458;"Malaysia";1978;7
"409";0;0;1;554;"New Zealand";1978;11
"410";NA;NA;NA;56;"Belgium";1978;12
"411";20,0641025641026;4,47929710603155;12,6923076923077;608;"Philippines";1978;4
"412";NA;NA;NA;76;"Brazil";1978;11
"413";0;0;1;840;"US";1978;11
"414";0;0;1;124;"Canada";1979;5
"415";NA;NA;NA;208;"Denmark";1979;10
"416";NA;NA;NA;218;"Ecuador";1979;4
"417";NA;NA;NA;246;"Finland";1979;3
"418";NA;NA;NA;352;"Iceland";1979;12
"419";NA;NA;NA;380;"Italy";1979;6
"420";0,747107930828861;0,864354054094074;3,93076923076923;392;"Japan";1979;10
"421";NA;NA;NA;40;"Austria";1979;5
"422";74,25;8,61684396980704;14,75;442;"Luxembourg";1979;6
"423";NA;NA;NA;620;"Portugal";1979;12
"424";0;0;1;662;"Saint Lucia";1979;7
"425";0;0;1;670;"St. Vincent and the Grenadines";1979;12
"426";0;0;1;68;"Bolivia";1979;7
"427";0;0;1;72;"Botswana";1979;10
"428";NA;NA;NA;724;"Spain";1979;3
"429";NA;NA;NA;752;"Sweden";1979;9
"430";NA;NA;NA;756;"Switzerland";1979;10
"431";NA;NA;NA;764;"Thailand";1979;4
"432";0;0;1;826;"UK";1979;5
"433";0;0;1;84;"Belize";1979;11
"434";0;0;1;124;"Canada";1980;2
"435";NA;NA;NA;234;"Faroe Islands";1980;11
"436";0;0;1;276;"Germany";1980;10
"437";0;0;1;28;"Antigua and Barbuda";1980;4
"438";NA;NA;NA;340;"Honduras";1980;4
"439";0;0;1;356;"India";1980;1
"440";0;0;1;36;"Australia";1980;10
"441";0;0;1;388;"Jamaica";1980;10
"442";0,747107930828861;0,864354054094074;3,93076923076923;392;"Japan";1980;6
"443";0;0;2;60;"Bermuda";1980;12
"444";58,0833333333333;7,62124224344911;7,2;604;"Peru";1980;5
"445";NA;NA;NA;620;"Portugal";1980;10
"446";0;0;1;659;"Saint Kitts and Nevis";1980;2
"447";0;0;1;68;"Bolivia";1980;6
"448";0;0;1;702;"Singapore";1980;12
"449";0;0;1;840;"US";1980;11
"450";0;0;1;90;"Solomon Islands";1980;8
"451";13,3666666666667;3,65604522218567;5,83333333333333;196;"Cyprus";1981;5
"452";NA;NA;NA;208;"Denmark";1981;12
"453";0;0;1;250;"France";1981;6
"454";NA;NA;NA;300;"Greece";1981;10
"455";NA;NA;NA;340;"Honduras";1981;11
"456";NA;NA;NA;372;"Ireland";1981;6
"457";NA;NA;120;376;"Israel";1981;6
"458";0;0;2;410;"Korea";1981;3
"459";0;0;2;414;"Kuwait";1981;2
"460";0;0;5;470;"Malta";1981;12
"461";0;0;1;52;"Barbados";1981;6
"462";NA;NA;NA;528;"Netherlands";1981;5
"463";0;0;1;554;"New Zealand";1981;11
"464";NA;NA;NA;56;"Belgium";1981;11
"465";NA;NA;NA;578;"Norway";1981;9
"466";0;0;1;710;"South Africa";1981;4
"467";0;0;1;780;"Trinidad and Tobago";1981;11
"468";NA;NA;NA;188;"Costa Rica";1982;2
"469";NA;NA;NA;214;"Dominican Republic";1982;5
"470";NA;NA;NA;372;"Ireland";1982;11
"471";NA;NA;NA;372;"Ireland";1982;2
"472";NA;NA;NA;438;"Liechtenstein";1982;2
"473";0;0;1;458;"Malaysia";1982;4
"474";0,0476190476190476;0,218217890235992;2,95238095238095;480;"Mauritius";1982;6
"475";NA;NA;NA;528;"Netherlands";1982;9
"476";0;0;1;662;"Saint Lucia";1982;5
"477";NA;NA;NA;724;"Spain";1982;10
"478";NA;NA;NA;752;"Sweden";1982;9
"479";NA;NA;NA;76;"Brazil";1982;11
"480";0;0;1;840;"US";1982;11
"481";NA;NA;NA;840;"US";1982;9
"482";NA;NA;NA;246;"Finland";1983;3
"483";0;0;1;276;"Germany";1983;3
"484";NA;NA;NA;32;"Argentina";1983;10
"485";NA;NA;NA;352;"Iceland";1983;4
"486";0;0;1;36;"Australia";1983;3
"487";NA;NA;NA;380;"Italy";1983;6
"488";0;0;1;388;"Jamaica";1983;12
"489";0,747107930828861;0,864354054094074;3,93076923076923;392;"Japan";1983;12
"490";NA;NA;NA;40;"Austria";1983;4
"491";0,0476190476190476;0,218217890235992;2,95238095238095;480;"Mauritius";1983;8
"492";0;0;2;60;"Bermuda";1983;2
"493";NA;NA;NA;620;"Portugal";1983;4
"494";NA;NA;NA;756;"Switzerland";1983;10
"495";NA;NA;NA;764;"Thailand";1983;4
"496";24,3627317955676;4,93586180879972;5,97014925373134;792;"Turkey";1983;11
"497";0;0;1;826;"UK";1983;6
"498";0;0;1;124;"Canada";1984;9
"499";NA;NA;NA;208;"Denmark";1984;1
"500";NA;NA;NA;218;"Ecuador";1984;1
"501";NA;NA;NA;234;"Faroe Islands";1984;11
"502";0;0;1;28;"Antigua and Barbuda";1984;4
"503";0;0;1;308;"Grenada";1984;12
"504";NA;NA;NA;320;"Guatemala";1984;7
"505";0;0;1;356;"India";1984;12
"506";0;0;1;36;"Australia";1984;12
"507";NA;NA;120;376;"Israel";1984;7
"508";86,6666666666667;9,30949336251263;16;442;"Luxembourg";1984;6
"509";0;0;1;554;"New Zealand";1984;7
"510";0;0;1;659;"Saint Kitts and Nevis";1984;7
"511";0;0;1;670;"St. Vincent and the Grenadines";1984;7
"512";0;0;1;702;"Singapore";1984;12
"513";0;0;1;710;"South Africa";1984;8
"514";0;0;1;72;"Botswana";1984;9
"515";0;0;1;84;"Belize";1984;12
"516";NA;NA;NA;840;"US";1984;11
"517";NA;NA;NA;858;"Uruguay";1984;11
"518";0;0;1;90;"Solomon Islands";1984;10
"519";46,6666666666667;6,83130051063973;9,33333333333333;196;"Cyprus";1985;12
"520";NA;NA;NA;300;"Greece";1985;6
"521";NA;NA;NA;32;"Argentina";1985;11
"522";NA;NA;NA;340;"Honduras";1985;11
"523";0;0;1;356;"India";1985;12
"524";0;0;1;356;"India";1985;9
"525";0;0;2;410;"Korea";1985;2
"526";0;0;2;414;"Kuwait";1985;2
"527";NA;NA;NA;56;"Belgium";1985;10
"528";NA;NA;NA;578;"Norway";1985;9
"529";0;0;2;60;"Bermuda";1985;10
"530";56,9861538461538;7,54891739563719;6,88461538461539;604;"Peru";1985;4
"531";NA;NA;NA;620;"Portugal";1985;10
"532";0;0;1;68;"Bolivia";1985;7
"533";NA;NA;NA;752;"Sweden";1985;9
"534";NA;NA;NA;1001;"Taiwan";1986;12
"535";NA;NA;NA;188;"Costa Rica";1986;2
"536";NA;NA;NA;214;"Dominican Republic";1986;5
"537";16,7200657894737;4,08901770471512;5,78125;250;"France";1986;3
"538";0,879904591532499;0,938032297702216;3,93846153846154;392;"Japan";1986;7
"539";NA;NA;NA;40;"Austria";1986;11
"540";NA;NA;NA;438;"Liechtenstein";1986;2
"541";0;0;1;52;"Barbados";1986;5
"542";NA;NA;NA;528;"Netherlands";1986;5
"543";NA;NA;NA;724;"Spain";1986;6
"544";NA;NA;NA;76;"Brazil";1986;11
"545";NA;NA;NA;764;"Thailand";1986;7
"546";0;0;1;780;"Trinidad and Tobago";1986;12
"547";0;0;1;840;"US";1986;11
"548";NA;NA;NA;208;"Denmark";1987;9
"549";NA;NA;NA;246;"Finland";1987;3
"550";0;0;1;276;"Germany";1987;1
"551";NA;NA;NA;32;"Argentina";1987;9
"552";NA;NA;NA;352;"Iceland";1987;4
"553";0;0;1;36;"Australia";1987;7
"554";NA;NA;NA;372;"Ireland";1987;2
"555";NA;NA;NA;380;"Italy";1987;6
"556";0;0;5;470;"Malta";1987;5
"557";0,0476190476190476;0,218217890235992;2,95238095238095;480;"Mauritius";1987;8
"558";0;0;1;554;"New Zealand";1987;8
"559";NA;NA;NA;56;"Belgium";1987;12
"560";0;0;1;608;"Philippines";1987;5
"561";NA;NA;NA;620;"Portugal";1987;7
"562";0;0;1;662;"Saint Lucia";1987;4
"563";0;0;1;710;"South Africa";1987;5
"564";NA;NA;NA;756;"Switzerland";1987;10
"565";37,6910900045228;6,1393069645134;6,71641791044776;792;"Turkey";1987;10
"566";0;0;1;826;"UK";1987;6
"567";0;0;1;124;"Canada";1988;11
"568";NA;NA;NA;208;"Denmark";1988;5
"569";NA;NA;NA;218;"Ecuador";1988;1
"570";NA;NA;NA;234;"Faroe Islands";1988;11
"571";0;0;1;250;"France";1988;6
"572";NA;NA;120;376;"Israel";1988;11
"573";0;0;1;410;"Korea";1988;4
"574";0,0861204013377926;0,293462776749953;1,02884615384615;586;"Pakistan";1988;11
"575";NA;NA;NA;702;"Singapore";1988;9
"576";NA;NA;NA;752;"Sweden";1988;9
"577";NA;NA;NA;764;"Thailand";1988;7
"578";0;0;1;840;"US";1988;11
"579";NA;NA;NA;1001;"Taiwan";1989;12
"580";NA;NA;NA;144;"Sri Lanka";1989;2
"581";NA;NA;NA;152;"Chile";1989;12
"582";0;0;1;28;"Antigua and Barbuda";1989;3
"583";NA;NA;NA;300;"Greece";1989;11
"584";NA;NA;NA;300;"Greece";1989;6
"585";NA;NA;NA;32;"Argentina";1989;5
"586";0;0;1;356;"India";1989;11
"587";NA;NA;NA;372;"Ireland";1989;6
"588";0;0;1;388;"Jamaica";1989;12
"589";NA;NA;NA;438;"Liechtenstein";1989;2
"590";66,6666666666667;8,16496580927726;15;442;"Luxembourg";1989;6
"591";NA;NA;72;516;"Namibia";1989;11
"592";NA;NA;NA;528;"Netherlands";1989;9
"593";NA;NA;NA;578;"Norway";1989;9
"594";NA;NA;NA;60;"Bermuda";1989;2
"595";NA;NA;NA;600;"Paraguay";1989;5
"596";0;0;1;659;"Saint Kitts and Nevis";1989;3
"597";0;0;1;660;"Anguilla";1989;2
"598";0;0;1;670;"St. Vincent and the Grenadines";1989;5
"599";0;0;1;68;"Bolivia";1989;5
"600";0;0;1;710;"South Africa";1989;9
"601";0;0;1;72;"Botswana";1989;10
"602";NA;NA;NA;724;"Spain";1989;10
"603";0;0;1;84;"Belize";1989;9
"604";NA;NA;NA;858;"Uruguay";1989;11
"605";0;0;1;90;"Solomon Islands";1989;2
"606";NA;NA;NA;188;"Costa Rica";1990;2
"607";0;0;1;191;"Croatia";1990;4
"608";78;8,83176086632785;24,5;203;"Czech Republic";1990;6
"609";NA;NA;NA;208;"Denmark";1990;12
"610";NA;NA;NA;218;"Ecuador";1990;6
"611";NA;NA;NA;234;"Faroe Islands";1990;11
"612";0;0;1;276;"Germany";1990;12
"613";NA;NA;NA;300;"Greece";1990;4
"614";0;0;1;308;"Grenada";1990;3
"615";NA;NA;NA;320;"Guatemala";1990;11
"616";4,9178440607012;2,21762126178056;1,51020408163265;348;"Hungary";1990;3
"617";0;0;1;36;"Australia";1990;3
"618";0,879904591532499;0,938032297702216;3,93846153846154;392;"Japan";1990;2
"619";NA;NA;NA;40;"Austria";1990;10
"620";0;0;2;414;"Kuwait";1990;6
"621";0;0;1;458;"Malaysia";1990;10
"622";0;0;1;554;"New Zealand";1990;10
"623";NA;NA;NA;558;"Nicaragua";1990;2
"624";0,0845032638826791;0,29069445106964;1,02830188679245;586;"Pakistan";1990;10
"625";56,9538461538462;7,54677720314083;6,92307692307692;604;"Peru";1990;4
"626";39,0878048780488;6,25202406249758;9,63414634146342;642;"Romania";1990;5
"627";NA;NA;NA;703;"Slovakia";1990;6
"628";NA;NA;NA;76;"Brazil";1990;10
"629";NA;NA;NA;840;"US";1990;11
"630";7,53118279569892;2,74430005569707;7,74193548387097;100;"Bulgaria";1991;10
"631";46,6666666666667;6,83130051063973;9,33333333333333;196;"Cyprus";1991;5
"632";3,86666666666667;1,96638416050035;10,6666666666667;204;"Benin";1991;2
"633";NA;NA;NA;246;"Finland";1991;3
"634";NA;NA;NA;32;"Argentina";1991;9
"635";NA;NA;NA;352;"Iceland";1991;4
"636";0;0;1;356;"India";1991;5
"637";0,0476190476190476;0,218217890235992;2,95238095238095;480;"Mauritius";1991;9
"638";0;0;40;484;"Mexico";1991;8
"639";0;0;1;50;"Bangladesh";1991;2
"640";0;0;1;52;"Barbados";1991;1
"641";NA;NA;NA;56;"Belgium";1991;11
"642";6,91891891891892;2,63038379688572;10,5675675675676;616;"Poland";1991;10
"643";NA;NA;NA;620;"Portugal";1991;10
"644";NA;NA;NA;702;"Singapore";1991;8
"645";NA;NA;NA;752;"Sweden";1991;9
"646";NA;NA;NA;756;"Switzerland";1991;10
"647";0;0;1;780;"Trinidad and Tobago";1991;12
"648";40,4042947056646;6,35643726514032;6,08108108108108;792;"Turkey";1991;10
"649";0;0;1;894;"Zambia";1991;10
"650";10,7931034482759;3,28528590053832;4,31034482758621;1001;"Taiwan";1992;12
"651";2,59948979591837;1,61229333432796;3,6734693877551;120;"Cameroon";1992;3
"652";53,5538461538462;7,3180493407633;1,90769230769231;191;"Croatia";1992;8
"653";74,2857142857143;8,61891607371335;22;203;"Czech Republic";1992;6
"654";NA;NA;NA;218;"Ecuador";1992;5
"655";11,9015151515152;3,4498572653829;8,41666666666667;233;"Estonia";1992;9
"656";NA;NA;NA;24;"Angola";1992;11
"657";0;0;1;356;"India";1992;2
"658";NA;NA;NA;372;"Ireland";1992;11
"659";NA;NA;120;376;"Israel";1992;6
"660";NA;NA;NA;380;"Italy";1992;4
"661";0;0;1;404;"Kenya";1992;12
"662";0;0;1;410;"Korea";1992;3
"663";0;0;2;414;"Kuwait";1992;10
"664";66,125;8,1317279836453;1,95833333333333;440;"Lithuania";1992;10
"665";0;0;5;470;"Malta";1992;2
"666";0;0;1;496;"Mongolia";1992;6
"667";0;0;1;608;"Philippines";1992;5
"668";NA;NA;NA;630;"Puerto Rico";1992;11
"669";20,1562137049942;4,48956720686908;8,11904761904762;642;"Romania";1992;9
"670";0;0;1;662;"Saint Lucia";1992;4
"671";NA;NA;NA;703;"Slovakia";1992;6
"672";NA;NA;NA;764;"Thailand";1992;3
"673";NA;NA;NA;764;"Thailand";1992;9
"674";0;0;1;826;"UK";1992;4
"675";NA;NA;NA;840;"US";1992;11
"676";0;0;1;124;"Canada";1993;10
"677";NA;NA;NA;152;"Chile";1993;12
"678";NA;NA;NA;226;"Equatorial Guinea";1993;11
"679";0;0;1;250;"France";1993;3
"680";NA;NA;NA;300;"Greece";1993;10
"681";NA;NA;NA;32;"Argentina";1993;10
"682";NA;NA;NA;340;"Honduras";1993;11
"683";0;0;1;36;"Australia";1993;3
"684";0;0;1;388;"Jamaica";1993;2
"685";0,975048449612403;0,987445416016705;3,96124031007752;392;"Japan";1993;7
"686";0;0;1;426;"Lesotho";1993;3
"687";12,5;3,53553390593274;12,5;438;"Liechtenstein";1993;10
"688";12,5;3,53553390593274;12,5;438;"Liechtenstein";1993;2
"689";0;0;1;554;"New Zealand";1993;11
"690";28,5625;5,34438958160799;5,1875;562;"Niger";1993;2
"691";NA;NA;NA;578;"Norway";1993;9
"692";NA;NA;NA;60;"Bermuda";1993;10
"693";NA;NA;NA;616;"Poland";1993;9
"694";0;0;1;659;"Saint Kitts and Nevis";1993;11
"695";0;0;1;68;"Bolivia";1993;6
"696";NA;NA;NA;724;"Spain";1993;6
"697";0;0;1;84;"Belize";1993;6
"698";0;0;1;90;"Solomon Islands";1993;5
"699";7,93118279569893;2,81623557176933;7,74193548387097;100;"Bulgaria";1994;12
"700";NA;NA;NA;144;"Sri Lanka";1994;8
"701";NA;NA;NA;188;"Costa Rica";1994;2
"702";NA;NA;NA;208;"Denmark";1994;9
"703";NA;NA;NA;214;"Dominican Republic";1994;5
"704";11,8021978021978;3,43543269504699;4,57142857142857;222;"El Salvador";1994;3
"705";NA;NA;NA;234;"Faroe Islands";1994;7
"706";0;0;1;276;"Germany";1994;10
"707";0;0;1;28;"Antigua and Barbuda";1994;3
"708";4,90641025641026;2,21504181820801;1,53571428571429;348;"Hungary";1994;5
"709";NA;NA;NA;380;"Italy";1994;3
"710";NA;NA;NA;40;"Austria";1994;10
"711";66,6666666666667;8,16496580927726;15;442;"Luxembourg";1994;6
"712";0;0;40;484;"Mexico";1994;8
"713";NA;NA;104;498;"Moldova";1994;2
"714";NA;NA;72;516;"Namibia";1994;12
"715";0;0;1;52;"Barbados";1994;9
"716";NA;NA;NA;528;"Netherlands";1994;5
"717";NA;NA;NA;624;"Guinea-Bissau";1994;7
"718";0;0;1;660;"Anguilla";1994;3
"719";0;0;1;670;"St. Vincent and the Grenadines";1994;2
"720";NA;NA;NA;703;"Slovakia";1994;9
"721";155,944444444444;12,4877717966194;22,2222222222222;710;"South Africa";1994;4
"722";0;0;1;72;"Botswana";1994;10
"723";NA;NA;NA;752;"Sweden";1994;9
"724";NA;NA;NA;76;"Brazil";1994;10
"725";NA;NA;NA;840;"US";1994;11
"726";NA;NA;NA;858;"Uruguay";1994;11
"727";11,9655172413793;3,45912087695404;4,41379310344828;1001;"Taiwan";1995;12
"728";10,1754385964912;3,18989633005388;3,78947368421053;132;"Cape Verde";1995;12
"729";180,12268907563;13,4209794380153;3,62857142857143;191;"Croatia";1995;10
"730";1,76470588235294;1,32842232831014;4,66666666666667;204;"Benin";1995;3
"731";0;0;1;212;"Dominica";1995;6
"732";3,36363636363636;1,83402190925746;9,18181818181818;233;"Estonia";1995;3
"733";NA;NA;NA;246;"Finland";1995;3
"734";0;0;1;308;"Grenada";1995;6
"735";NA;NA;NA;32;"Argentina";1995;5
"736";NA;NA;NA;320;"Guatemala";1995;11
"737";NA;NA;NA;352;"Iceland";1995;4
"738";NA;NA;NA;40;"Austria";1995;12
"739";32,5;5,70087712549569;20;428;"Latvia";1995;9
"740";0;0;1;458;"Malaysia";1995;4
"741";0,0476190476190476;0,218217890235992;2,95238095238095;480;"Mauritius";1995;12
"742";NA;NA;NA;56;"Belgium";1995;5
"743";0;0;1;608;"Philippines";1995;5
"744";NA;NA;NA;620;"Portugal";1995;10
"745";0;0;1;659;"Saint Kitts and Nevis";1995;7
"746";NA;NA;NA;756;"Switzerland";1995;10
"747";0,342019271051529;0,58482413685785;2,52258064516129;764;"Thailand";1995;7
"748";0;0;1;780;"Trinidad and Tobago";1995;11
"749";58,5498214865303;7,65178550970493;6,9620253164557;792;"Turkey";1995;12
"750";46,6666666666667;6,83130051063973;9,33333333333333;196;"Cyprus";1996;5
"751";78,9821428571429;8,88718981777383;25,125;203;"Czech Republic";1996;5
"752";NA;NA;NA;218;"Ecuador";1996;5
"753";NA;NA;15;292;"Gibraltar";1996;5
"754";NA;NA;NA;300;"Greece";1996;9
"755";0;0;1;356;"India";1996;4
"756";0;0;1;356;"India";1996;5
"757";0;0;1;36;"Australia";1996;3
"758";NA;NA;120;376;"Israel";1996;5
"759";NA;NA;NA;380;"Italy";1996;4
"760";11,929488642257;3,45390918268807;1,60771704180064;392;"Japan";1996;10
"761";0;0;1;410;"Korea";1996;4
"762";0;0;2;414;"Kuwait";1996;10
"763";66,125;8,1317279836453;1,95833333333333;440;"Lithuania";1996;10
"764";0;0;5;470;"Malta";1996;10
"765";0;0;1;496;"Mongolia";1996;6
"766";0;0;1;50;"Bangladesh";1996;6
"767";44,1818181818182;6,64694051288397;1,81818181818182;554;"New Zealand";1996;10
"768";NA;NA;NA;558;"Nicaragua";1996;10
"769";NA;NA;NA;630;"Puerto Rico";1996;11
"770";21,7032520325203;4,65867492239159;8,16666666666667;642;"Romania";1996;11
"771";98;9,89949493661167;21;70;"Bosnia and Herzegovina";1996;11
"772";0;0;1;705;"Slovenia";1996;11
"773";NA;NA;NA;724;"Spain";1996;3
"774";0,341563275434243;0,584434149784424;2,51923076923077;764;"Thailand";1996;11
"775";0;0;1;840;"US";1996;11
"776";0;0;1;894;"Zambia";1996;11
"777";8,39784946236559;2,89790432250024;7,74193548387097;100;"Bulgaria";1997;4
"778";NA;NA;NA;120;"Cameroon";1997;5
"779";0;0;1;124;"Canada";1997;6
"780";NA;NA;NA;152;"Chile";1997;12
"781";18;4,24264068711928;3,5;20;"Andorra";1997;2
"782";11,8021978021978;3,43543269504699;4,57142857142857;222;"El Salvador";1997;3
"783";0;0;1;250;"France";1997;5
"784";189;13,7477270848675;13;262;"Djibouti";1997;12
"785";0;0;1;270;"Gambia";1997;1
"786";NA;NA;NA;32;"Argentina";1997;10
"787";NA;NA;NA;328;"Guyana";1997;12
"788";NA;NA;NA;340;"Honduras";1997;11
"789";NA;NA;NA;372;"Ireland";1997;6
"790";0;0;1;388;"Jamaica";1997;12
"791";0;0;1;404;"Kenya";1997;12
"792";12,5;3,53553390593274;12,5;438;"Liechtenstein";1997;2
"793";0;0;1;44;"Bahamas";1997;3
"794";0;0;40;484;"Mexico";1997;6
"795";NA;NA;NA;484;"Mexico";1997;7
"796";NA;NA;NA;578;"Norway";1997;9
"797";12,7643288084465;3,57272008537564;7,51923076923077;616;"Poland";1997;9
"798";0;0;1;662;"Saint Lucia";1997;5
"799";0;0;1;68;"Bolivia";1997;6
"800";NA;NA;NA;702;"Singapore";1997;1
"801";0;0;1;826;"UK";1997;5
"802";0;0;1;90;"Solomon Islands";1997;8
"803";11,2924731182796;3,3604275201646;5,67741935483871;1001;"Taiwan";1998;12
"804";NA;NA;NA;170;"Colombia";1998;3
"805";NA;NA;NA;188;"Costa Rica";1998;2
"806";88;9,38083151964686;25;203;"Czech Republic";1998;6
"807";NA;NA;NA;208;"Denmark";1998;3
"808";NA;NA;NA;214;"Dominican Republic";1998;5
"809";NA;NA;NA;218;"Ecuador";1998;5
"810";NA;NA;NA;234;"Faroe Islands";1998;4
"811";0;0;1;276;"Germany";1998;9
"812";0;0;1;348;"Hungary";1998;5
"813";0;0;1;356;"India";1998;3
"814";0;0;1;36;"Australia";1998;10
"815";0;0;1;426;"Lesotho";1998;5
"816";38,5;6,20483682299543;20;428;"Latvia";1998;10
"817";0;0;5;470;"Malta";1998;9
"818";NA;NA;101;498;"Moldova";1998;3
"819";NA;NA;NA;528;"Netherlands";1998;5
"820";NA;NA;NA;60;"Bermuda";1998;11
"821";NA;NA;NA;600;"Paraguay";1998;5
"822";0;0;1;608;"Philippines";1998;5
"823";0;0;1;670;"St. Vincent and the Grenadines";1998;6
"824";NA;NA;NA;674;"San Marino";1998;5
"825";98;9,89949493661167;21;70;"Bosnia and Herzegovina";1998;11
"826";NA;NA;150;703;"Slovakia";1998;9
"827";NA;NA;NA;752;"Sweden";1998;9
"828";NA;NA;NA;76;"Brazil";1998;10
"829";222,017699115044;14,9002583573254;1,99115044247788;804;"Ukraine";1998;3
"830";0;0;1;84;"Belize";1998;8
"831";NA;NA;NA;840;"US";1998;11
"832";0,954710144927536;0,977092700273386;3,45833333333333;204;"Benin";1999;3
"833";2,56363636363636;1,60113596038449;9,18181818181818;233;"Estonia";1999;3
"834";52,2380952380952;7,22759263088998;13,3333333333333;246;"Finland";1999;3
"835";0;0;1;28;"Antigua and Barbuda";1999;3
"836";0;0;1;308;"Grenada";1999;1
"837";NA;NA;NA;32;"Argentina";1999;10
"838";NA;NA;NA;320;"Guatemala";1999;11
"839";NA;NA;NA;352;"Iceland";1999;5
"840";0;0;1;356;"India";1999;7
"841";401,333333333333;20,0333056017556;17,1111111111111;360;"Indonesia";1999;6
"842";NA;NA;120;376;"Israel";1999;5
"843";NA;NA;NA;40;"Austria";1999;10
"844";0;0;2;414;"Kuwait";1999;7
"845";66,6666666666667;8,16496580927726;15;442;"Luxembourg";1999;6
"846";NA;NA;NA;454;"Malawi";1999;6
"847";0;0;1;458;"Malaysia";1999;11
"848";NA;NA;NA;508;"Mozambique";1999;12
"849";NA;NA;72;516;"Namibia";1999;11
"850";0;0;1;52;"Barbados";1999;1
"851";0;0;1;554;"New Zealand";1999;11
"852";NA;NA;NA;56;"Belgium";1999;6
"853";28,5625;5,34438958160799;5,1875;562;"Niger";1999;10
"854";NA;NA;NA;620;"Portugal";1999;10
"855";1,1871921182266;1,08958346088154;3,51724137931034;624;"Guinea-Bissau";1999;11
"856";0;0;1;660;"Anguilla";1999;3
"857";167,694444444444;12,9496889709539;22,2222222222222;710;"South Africa";1999;6
"858";0;0;1;72;"Botswana";1999;10
"859";65,9566666666667;8,1213709844254;7,96;756;"Switzerland";1999;10
"860";70,5917721518987;8,40189098667072;6,875;792;"Turkey";1999;4
"861";NA;NA;NA;858;"Uruguay";1999;10
"862";0;0;1;124;"Canada";2000;11
"863";NA;NA;NA;144;"Sri Lanka";2000;10
"864";38,3958333333333;6,19643714834043;9,4375;191;"Croatia";2000;1
"865";0;0;1;212;"Dominica";2000;1
"866";11,8021978021978;3,43543269504699;4,57142857142857;222;"El Salvador";2000;3
"867";0;0;1;288;"Ghana";2000;12
"868";NA;NA;15;292;"Gibraltar";2000;2
"869";30,3792207792208;5,51173482482791;5,14285714285714;300;"Greece";2000;4
"870";9,70698060367182;3,11560276731034;1,54340836012862;392;"Japan";2000;6
"871";0;0;1;410;"Korea";2000;4
"872";66,125;8,1317279836453;1,95833333333333;440;"Lithuania";2000;10
"873";0,0476190476190476;0,218217890235992;2,95238095238095;480;"Mauritius";2000;9
"874";0;0;40;484;"Mexico";2000;7
"875";0;0;1;496;"Mongolia";2000;7
"876";NA;NA;NA;630;"Puerto Rico";2000;11
"877";26,2212543554007;5,12066932689475;8,21428571428571;642;"Romania";2000;11
"878";0;0;1;659;"Saint Kitts and Nevis";2000;3
"879";0;0;1;660;"Anguilla";2000;3
"880";0;0;1;705;"Slovenia";2000;10
"881";35,2986425339367;5,94126607163294;6,73076923076923;724;"Spain";2000;3
"882";NA;NA;NA;740;"Suriname";2000;5
"883";0;0;1;780;"Trinidad and Tobago";2000;12
"884";NA;NA;NA;840;"US";2000;11
"885";9,46451612903226;3,07644537234651;7,74193548387097;100;"Bulgaria";2001;6
"886";11,5591397849462;3,39987349543276;5,67741935483871;1001;"Taiwan";2001;12
"887";10,9894736842105;3,31503750871849;3,6;132;"Cape Verde";2001;1
"888";NA;NA;NA;144;"Sri Lanka";2001;12
"889";NA;NA;NA;152;"Chile";2001;12
"890";40,6666666666667;6,37704215656967;9,33333333333333;196;"Cyprus";2001;5
"891";18;4,24264068711928;3,5;20;"Andorra";2001;3
"892";16,5614035087719;4,06957043295381;7,31578947368421;208;"Denmark";2001;11
"893";NA;NA;NA;32;"Argentina";2001;10
"894";NA;NA;NA;328;"Guyana";2001;3
"895";NA;NA;NA;340;"Honduras";2001;11
"896";0;0;1;36;"Australia";2001;11
"897";8,51846153846154;2,91864035784842;5,96153846153846;380;"Italy";2001;5
"898";12,5;3,53553390593274;12,5;438;"Liechtenstein";2001;2
"899";NA;NA;101;498;"Moldova";2001;2
"900";0;0;1;50;"Bangladesh";2001;10
"901";NA;NA;NA;558;"Nicaragua";2001;11
"902";NA;NA;NA;578;"Norway";2001;9
"903";42,0833333333333;6,48716681867619;4,8;604;"Peru";2001;4
"904";0;0;1;608;"Philippines";2001;5
"905";7,22560975609756;2,68804943334336;11,219512195122;616;"Poland";2001;9
"906";0;0;1;662;"Saint Lucia";2001;12
"907";0;0;1;670;"St. Vincent and the Grenadines";2001;3
"908";NA;NA;NA;674;"San Marino";2001;6
"909";NA;NA;NA;702;"Singapore";2001;11
"910";0;0;1;780;"Trinidad and Tobago";2001;12
"911";0;0;1;8;"Albania";2001;6
"912";0;0;1;826;"UK";2001;6
"913";0;0;1;894;"Zambia";2001;12
"914";0;0;1;90;"Solomon Islands";2001;12
"915";NA;NA;NA;120;"Cameroon";2002;6
"916";15,6084033613445;3,95074719025965;4,74285714285714;170;"Colombia";2002;3
"917";NA;NA;NA;188;"Costa Rica";2002;2
"918";41,1428571428571;6,41426980589818;14,2857142857143;203;"Czech Republic";2002;7
"919";1,83533765032377;1,35474634169049;3,23404255319149;214;"Dominican Republic";2002;5
"920";NA;NA;NA;234;"Faroe Islands";2002;4
"921";0;0;1;250;"France";2002;6
"922";0;0;1;276;"Germany";2002;9
"923";NA;NA;31;304;"Greenland";2002;12
"924";0;0;1;348;"Hungary";2002;4
"925";0,72938443670151;0,854040067386484;3,95238095238095;372;"Ireland";2002;5
"926";0;0;1;388;"Jamaica";2002;10
"927";NA;NA;NA;40;"Austria";2002;11
"928";0;0;1;404;"Kenya";2002;12
"929";18,7777777777778;4,33333333333334;1,48148148148148;426;"Lesotho";2002;5
"930";42,5;6,51920240520265;20;428;"Latvia";2002;10
"931";0;0;1;44;"Bahamas";2002;5
"932";NA;NA;NA;528;"Netherlands";2002;5
"933";0;0;1;554;"New Zealand";2002;7
"934";0;0;1;586;"Pakistan";2002;10
"935";NA;NA;NA;620;"Portugal";2002;3
"936";0;0;1;68;"Bolivia";2002;6
"937";1,35714285714286;1,16496474502144;3,75;70;"Bosnia and Herzegovina";2002;10
"938";NA;NA;150;703;"Slovakia";2002;9
"939";48,5344827586207;6,96666941648739;12,0344827586207;752;"Sweden";2002;9
"940";NA;NA;NA;76;"Brazil";2002;10
"941";0;0;1;780;"Trinidad and Tobago";2002;10
"942";72,0679012345679;8,48928154996451;6,79012345679012;792;"Turkey";2002;11
"943";222,017699115044;14,9002583573254;1,99115044247788;804;"Ukraine";2002;10
"944";0;0;20;807;"Macedonia";2002;9
"945";NA;NA;NA;840;"US";2002;11
"946";20,0797101449275;4,48103895820238;5,08333333333333;116;"Cambodia";2003;7
"947";39,4338235294118;6,27963562075156;8,94117647058824;191;"Croatia";2003;11
"948";11,8021978021978;3,43543269504699;4,57142857142857;222;"El Salvador";2003;3
"949";5,35606060606061;2,31431644466797;8,41666666666667;233;"Estonia";2003;3
"950";60,3809523809524;7,77051815395553;13,3333333333333;246;"Finland";2003;3
"951";164,7;12,8335497817245;11,5;262;"Djibouti";2003;1
"952";NA;NA;15;292;"Gibraltar";2003;11
"953";0;0;1;308;"Grenada";2003;11
"954";NA;NA;NA;32;"Argentina";2003;4
"955";NA;NA;NA;320;"Guatemala";2003;11
"956";0,3;0,547722557505166;10,5;352;"Iceland";2003;5
"957";NA;NA;120;376;"Israel";2003;1
"958";9,65536770044601;3,10730875524883;1,54340836012862;392;"Japan";2003;11
"959";0;0;2;414;"Kuwait";2003;7
"960";0;0;5;470;"Malta";2003;4
"961";0;0;40;484;"Mexico";2003;7
"962";0;0;1;52;"Barbados";2003;5
"963";NA;NA;NA;528;"Netherlands";2003;1
"964";NA;NA;NA;56;"Belgium";2003;5
"965";0;0;1;566;"Nigeria";2003;1
"966";0,853260869565217;0,923721207705668;1,375;584;"Marshall Islands";2003;11
"967";NA;NA;NA;60;"Bermuda";2003;7
"968";NA;NA;NA;600;"Paraguay";2003;4
"969";NA;NA;NA;643;"Russian Federation";2003;12
"970";NA;NA;250;688;"Serbia";2003;12
"971";64,7015384615385;8,043726652587;7,69230769230769;756;"Switzerland";2003;10
"972";0;0;1;84;"Belize";2003;3
"973";0,9;0,948683298050514;1,3;92;"British Virgin Islands";2003;6
"974";12,0924731182796;3,47742334470217;5,67741935483871;1001;"Taiwan";2004;12
"975";0;0;1;112;"Belarus";2004;10
"976";0;0;1;124;"Canada";2004;6
"977";NA;NA;NA;144;"Sri Lanka";2004;4
"978";NA;NA;NA;234;"Faroe Islands";2004;1
"979";0;0;1;28;"Antigua and Barbuda";2004;3
"980";0;0;1;288;"Ghana";2004;12
"981";36,9857142857143;6,08158813844824;5,17857142857143;300;"Greece";2004;3
"982";0;0;1;356;"India";2004;3
"983";0;0;1;36;"Australia";2004;9
"984";5,77749360613811;2,40364173830838;7,95652173913043;360;"Indonesia";2004;4
"985";0;0;1;410;"Korea";2004;4
"986";66,125;8,1317279836453;1,95833333333333;440;"Lithuania";2004;10
"987";66,6666666666667;8,16496580927726;15;442;"Luxembourg";2004;6
"988";0;0;1;454;"Malawi";2004;5
"989";0;0;1;458;"Malaysia";2004;3
"990";0;0;1;496;"Mongolia";2004;6
"991";NA;NA;NA;508;"Mozambique";2004;12
"992";NA;NA;72;516;"Namibia";2004;11
"993";60,4625;7,77576362809467;7,0625;562;"Niger";2004;12
"994";0;0;1;608;"Philippines";2004;5
"995";0,754985754985755;0,868899162725891;3,7037037037037;624;"Guinea-Bissau";2004;3
"996";NA;NA;NA;630;"Puerto Rico";2004;11
"997";15,6701509872242;3,95855415363036;7,47619047619048;642;"Romania";2004;11
"998";0;0;1;659;"Saint Kitts and Nevis";2004;10
"999";0;0;1;705;"Slovenia";2004;10
"1000";160,694444444444;12,6765312465376;22,2222222222222;710;"South Africa";2004;4
"1001";0;0;1;72;"Botswana";2004;10
"1002";36,1613876319759;6,01343393012478;6,73076923076923;724;"Spain";2004;3
"1003";NA;NA;NA;840;"US";2004;11
"1004";NA;NA;NA;858;"Uruguay";2004;10
"1005";9,53118279569892;3,08726137469747;7,74193548387097;100;"Bulgaria";2005;6
"1006";12,2666666666667;3,50238014308366;13,6666666666667;1003;"Somaliland";2005;9
"1007";NA;NA;1;112;"Belarus";2005;3
"1008";1,9;1,37840487520902;2,5;136;"Cayman Islands";2005;5
"1009";NA;NA;NA;152;"Chile";2005;12
"1010";18;4,24264068711928;3,5;20;"Andorra";2005;4
"1011";16,5614035087719;4,06957043295381;7,31578947368421;208;"Denmark";2005;2
"1012";0;0;1;212;"Dominica";2005;5
"1013";0;0;1;276;"Germany";2005;9
"1014";NA;NA;31;304;"Greenland";2005;11
"1015";NA;NA;NA;32;"Argentina";2005;10
"1016";NA;NA;NA;340;"Honduras";2005;11
"1017";48,8545454545455;6,98960266785928;16,3636363636364;392;"Japan";2005;11
"1018";0;0;1;392;"Japan";2005;9
"1019";32,7512605042017;5,72287170083357;7,11428571428571;4;"Afghanistan";2005;9
"1020";0;0;1;430;"Liberia";2005;10
"1021";12,5;3,53553390593274;12,5;438;"Liechtenstein";2005;3
"1022";0,0476190476190476;0,218217890235992;2,95238095238095;480;"Mauritius";2005;7
"1023";NA;NA;101;498;"Moldova";2005;3
"1024";NA;NA;21;533;"Aruba";2005;9
"1025";0;0;1;554;"New Zealand";2005;9
"1026";NA;NA;NA;578;"Norway";2005;9
"1027";6,77560975609756;2,60300014523579;11,219512195122;616;"Poland";2005;9
"1028";NA;NA;NA;620;"Portugal";2005;2
"1029";0;0;1;660;"Anguilla";2005;2
"1030";0;0;1;670;"St. Vincent and the Grenadines";2005;12
"1031";0;0;1;68;"Bolivia";2005;12
"1032";NA;NA;NA;716;"Zimbabwe";2005;11
"1033";NA;NA;NA;740;"Suriname";2005;5
"1034";0;0;1;8;"Albania";2005;7
"1035";0;0;1;826;"UK";2005;5
"1036";0;0;1;834;"Tanzania";2005;12
"1037";0;0;1;124;"Canada";2006;1
"1038";11,8315789473684;3,43970622980632;3,6;132;"Cape Verde";2006;1
"1039";15,6806722689076;3,95988286050328;4,71428571428571;170;"Colombia";2006;3
"1040";NA;NA;NA;188;"Costa Rica";2006;2
"1041";40,6666666666667;6,37704215656967;9,33333333333333;196;"Cyprus";2006;5
"1042";41,4505494505495;6,4382101123332;14,2857142857143;203;"Czech Republic";2006;6
"1043";3,17113783533765;1,78076888880552;3,78723404255319;214;"Dominican Republic";2006;5
"1044";NA;NA;NA;218;"Ecuador";2006;10
"1045";32,6153846153846;5,71098805946787;6;222;"El Salvador";2006;3
"1046";NA;NA;NA;328;"Guyana";2006;8
"1047";0;0;1;348;"Hungary";2006;4
"1048";NA;NA;120;376;"Israel";2006;3
"1049";149,484615384615;12,2263901207435;23,7307692307692;380;"Italy";2006;4
"1050";NA;NA;NA;40;"Austria";2006;10
"1051";0;0;2;414;"Kuwait";2006;6
"1052";48,5;6,96419413859206;20;428;"Latvia";2006;10
"1053";0;0;40;484;"Mexico";2006;7
"1054";NA;NA;81;499;"Montenegro";2006;9
"1055";NA;NA;NA;528;"Netherlands";2006;11
"1056";NA;NA;NA;558;"Nicaragua";2006;11
"1057";42,0833333333333;6,48716681867619;4,8;604;"Peru";2006;4
"1058";0;0;1;662;"Saint Lucia";2006;12
"1059";NA;NA;NA;674;"San Marino";2006;6
"1060";2,17777777777778;1,47572957474524;4,2;70;"Bosnia and Herzegovina";2006;10
"1061";NA;NA;NA;702;"Singapore";2006;5
"1062";NA;NA;150;703;"Slovakia";2006;6
"1063";NA;NA;NA;752;"Sweden";2006;9
"1064";NA;NA;NA;76;"Brazil";2006;10
"1065";0,32798339674853;0,572698347080319;1,04406779661017;800;"Uganda";2006;2
"1066";NA;NA;NA;804;"Ukraine";2006;7
"1067";0;0;20;807;"Macedonia";2006;7
"1068";0;0;1;840;"US";2006;11
"1069";0,128048780487805;0,357839042710274;1,14634146341463;882;"Samoa";2006;3
"1070";0;0;1;894;"Zambia";2006;9
"1071";0;0;1;90;"Solomon Islands";2006;4
"1072";NA;NA;NA;1002;"Kosovo";2007;11
"1073";1,46218487394958;1,20920836663893;2,11764705882353;120;"Cameroon";2007;7
"1074";38,875;6,23498195666996;9;191;"Croatia";2007;11
"1075";42,4469696969697;6,51513389708682;11,5833333333333;208;"Denmark";2007;11
"1076";3,53787878787879;1,88092498199125;8,41666666666667;233;"Estonia";2007;3
"1077";64,2380952380952;8,01486713789413;13,3333333333333;246;"Finland";2007;3
"1078";0;0;1;250;"France";2007;6
"1079";0;0;1;270;"Gambia";2007;1
"1080";NA;NA;15;292;"Gibraltar";2007;10
"1081";NA;NA;NA;300;"Greece";2007;9
"1082";NA;NA;NA;32;"Argentina";2007;10
"1083";NA;NA;NA;320;"Guatemala";2007;9
"1084";1,1;1,04880884817015;10,5;352;"Iceland";2007;5
"1085";0;0;1;36;"Australia";2007;11
"1086";0,694352159468439;0,83327796050804;3,86046511627907;372;"Ireland";2007;5
"1087";0;0;1;388;"Jamaica";2007;9
"1088";NA;NA;98;398;"Kazakhstan";2007;8
"1089";0;0;1;404;"Kenya";2007;12
"1090";19,0125;4,36033255612459;1,4875;426;"Lesotho";2007;2
"1091";0;0;1;44;"Bahamas";2007;5
"1092";188,595238095238;13,7329981466262;3,11904761904762;51;"Armenia";2007;5
"1093";NA;NA;NA;56;"Belgium";2007;6
"1094";0,853260869565217;0,923721207705668;1,375;584;"Marshall Islands";2007;11
"1095";NA;NA;NA;60;"Bermuda";2007;12
"1096";0;0;1;608;"Philippines";2007;5
"1097";6,77560975609756;2,60300014523579;11,219512195122;616;"Poland";2007;10
"1098";NA;NA;65;626;"Timor-Leste";2007;6
"1099";NA;NA;NA;643;"Russian Federation";2007;12
"1100";NA;NA;NA;686;"Senegal";2007;6
"1101";NA;NA;250;688;"Serbia";2007;1
"1102";NA;NA;NA;690;"Seychelles";2007;5
"1103";NA;NA;NA;694;"Sierra Leone";2007;8
"1104";65,4566666666667;8,09052944291452;7,96;756;"Switzerland";2007;10
"1105";0,511827956989247;0,71542152399075;2,61290322580645;768;"Togo";2007;10
"1106";0;0;1;780;"Trinidad and Tobago";2007;11
"1107";72,0679012345679;8,48928154996451;6,79012345679012;792;"Turkey";2007;7
"1108";0;0;1;796;"Turks and Caicos Islands";2007;2
"1109";NA;NA;NA;804;"Ukraine";2007;9
"1110";0,9;0,948683298050514;1,3;92;"British Virgin Islands";2007;8
"1111";0,105225225225225;0,324384378824297;1,05333333333333;1001;"Taiwan";2008;1
"1112";0;0;1;112;"Belarus";2008;9
"1113";20,1141304347826;4,48487797323211;5,125;116;"Cambodia";2008;7
"1114";0;0;1;124;"Canada";2008;10
"1115";NA;NA;33;234;"Faroe Islands";2008;1
"1116";NA;NA;NA;24;"Angola";2008;9
"1117";NA;NA;NA;288;"Ghana";2008;12
"1118";0;0;1;308;"Grenada";2008;7
"1119";150,204615384615;12,2557992552348;23,7307692307692;380;"Italy";2008;4
"1120";NA;NA;NA;40;"Austria";2008;9
"1121";0;0;1;410;"Korea";2008;4
"1122";0;0;10;414;"Kuwait";2008;5
"1123";66,125;8,1317279836453;1,95833333333333;440;"Lithuania";2008;10
"1124";0;0;1;458;"Malaysia";2008;3
"1125";0;0;1;459;"Malaysia";2008;3
"1126";0;0;5;470;"Malta";2008;3
"1127";0,506153846153846;0,711444900293653;2,88461538461538;496;"Mongolia";2008;6
"1128";0;0;1;50;"Bangladesh";2008;12
"1129";0;0;1;52;"Barbados";2008;1
"1130";NA;NA;335;524;"Nepal";2008;4
"1131";0;0;1;554;"New Zealand";2008;11
"1132";5,23096845079265;2,28713105238695;1,23465703971119;586;"Pakistan";2008;2
"1133";NA;NA;NA;600;"Paraguay";2008;4
"1134";0,754985754985755;0,868899162725891;3,7037037037037;624;"Guinea-Bissau";2008;11
"1135";NA;NA;NA;630;"Puerto Rico";2008;11
"1136";0;0;1;64;"Bhutan";2008;3
"1137";NA;NA;NA;646;"Rwanda";2008;9
"1138";NA;NA;NA;674;"San Marino";2008;11
"1139";NA;NA;250;688;"Serbia";2008;5
"1140";0;0;1;705;"Slovenia";2008;9
"1141";NA;NA;NA;716;"Zimbabwe";2008;3
"1142";36,3966817496229;6,03296624800959;6,73076923076923;724;"Spain";2008;3
"1143";0;0;20;807;"Macedonia";2008;6
"1144";0;0;1;84;"Belize";2008;2
"1145";0;0;1;840;"US";2008;11
"1146";12,0158646218932;3,46639071973908;3,87096774193548;100;"Bulgaria";2009;7
"1147";1,9;1,37840487520902;2,5;136;"Cayman Islands";2009;5
"1148";NA;NA;NA;152;"Chile";2009;12
"1149";18;4,24264068711928;3,5;20;"Andorra";2009;4
"1150";15,2910052910053;3,91037150294001;4,42857142857143;218;"Ecuador";2009;4
"1151";32,6153846153846;5,71098805946787;6;222;"El Salvador";2009;1
"1152";0;0;1;276;"Germany";2009;9
"1153";0;0;1;28;"Antigua and Barbuda";2009;3
"1154";NA;NA;NA;300;"Greece";2009;10
"1155";NA;NA;31;304;"Greenland";2009;6
"1156";47,3260869565217;6,87939582787047;5,25;32;"Argentina";2009;6
"1157";34,6928104575163;5,89006031017648;7,11111111111111;340;"Honduras";2009;11
"1158";1,1;1,04880884817015;10,5;352;"Iceland";2009;4
"1159";0;0;1;356;"India";2009;3
"1160";3,81989063568011;1,95445405054202;7,24675324675325;360;"Indonesia";2009;4
"1161";NA;NA;120;376;"Israel";2009;2
"1162";9,65536770044601;3,10730875524883;1,54340836012862;392;"Japan";2009;8
"1163";0;0;10;414;"Kuwait";2009;5
"1164";12,5;3,53553390593274;12,5;438;"Liechtenstein";2009;2
"1165";66,6666666666667;8,16496580927726;15;442;"Luxembourg";2009;6
"1166";0;0;1;454;"Malawi";2009;5
"1167";0;0;1;462;"Maldives";2009;5
"1168";24,6063416738568;4,9604779682866;1,63934426229508;484;"Mexico";2009;7
"1169";NA;NA;101;498;"Moldova";2009;4
"1170";NA;NA;101;498;"Moldova";2009;7
"1171";NA;NA;81;499;"Montenegro";2009;3
"1172";NA;NA;9;500;"Montserrat";2009;9
"1173";NA;NA;NA;508;"Mozambique";2009;10
"1174";NA;NA;72;516;"Namibia";2009;11
"1175";NA;NA;21;533;"Aruba";2009;9
"1176";NA;NA;NA;578;"Norway";2009;9
"1177";NA;NA;NA;620;"Portugal";2009;9
"1178";0;0;1;68;"Bolivia";2009;1
"1179";180,194444444444;13,423652425642;22,2222222222222;710;"South Africa";2009;4
"1180";0;0;1;72;"Botswana";2009;10
"1181";NA;NA;NA;8;"Albania";2009;6
"1182";NA;NA;NA;858;"Uruguay";2009;11
"1183";NA;NA;NA;1002;"Kosovo";2010;12
"1184";0;0;1;104;"Myanmar";2010;11
"1185";NA;NA;NA;144;"Sri Lanka";2010;4
"1186";16,3598484848485;4,04473095333281;4,78787878787879;170;"Colombia";2010;3
"1187";32,8095238095238;5,72795982960109;8,14285714285714;188;"Costa Rica";2010;2
"1188";41,6043956043956;6,45014694440333;14,2857142857143;203;"Czech Republic";2010;5
"1189";NA;NA;NA;214;"Dominican Republic";2010;5
"1190";0;0;1;231;"Ethiopia";2010;5
"1191";0;0;1;31;"Azerbaijan";2010;11
"1192";0;0;1;348;"Hungary";2010;4
"1193";0;0;1;36;"Australia";2010;8
"1194";192,653594771242;13,8799709931701;17,2222222222222;368;"Iraq";2010;3
"1195";32,7512605042017;5,72287170083357;7,11428571428571;4;"Afghanistan";2010;9
"1196";55;7,41619848709566;20;428;"Latvia";2010;10
"1197";0;0;1;48;"Bahrain";2010;11
"1198";0,0476190476190476;0,218217890235992;2,95238095238095;480;"Mauritius";2010;5
"1199";NA;NA;101;498;"Moldova";2010;11
"1200";NA;NA;NA;528;"Netherlands";2010;6
"1201";NA;NA;NA;56;"Belgium";2010;6
"1202";0;0;1;608;"Philippines";2010;5
"1203";0;0;1;659;"Saint Kitts and Nevis";2010;1
"1204";0;0;1;660;"Anguilla";2010;3
"1205";0;0;1;670;"St. Vincent and the Grenadines";2010;12
"1206";2,17777777777778;1,47572957474524;4,2;70;"Bosnia and Herzegovina";2010;10
"1207";NA;NA;150;703;"Slovakia";2010;6
"1208";NA;NA;NA;740;"Suriname";2010;5
"1209";48,7931034482759;6,98520604193433;11,6896551724138;752;"Sweden";2010;9
"1210";NA;NA;NA;76;"Brazil";2010;10
"1211";0;0;1;780;"Trinidad and Tobago";2010;5
"1212";0;0;1;826;"UK";2010;5
"1213";0;0;1;840;"US";2010;11
"1214";0,391010712622264;0,625308493962991;1,44736842105263;862;"Venezuela";2010;9
"1215";0;0;1;90;"Solomon Islands";2010;8
"1216";0;0;1;124;"Canada";2011;5
"1217";31,4358974358974;5,60677246157693;5,53846153846154;132;"Cape Verde";2011;2
"1218";40,1102941176471;6,33326883352089;8,88235294117647;191;"Croatia";2011;12
"1219";40,6666666666667;6,37704215656967;9,33333333333333;196;"Cyprus";2011;5
"1220";18;4,24264068711928;3,5;20;"Andorra";2011;4
"1221";0,954710144927536;0,977092700273386;3,45833333333333;204;"Benin";2011;4
"1222";41,5378787878788;6,44498865692398;11,5833333333333;208;"Denmark";2011;9
"1223";5,35606060606061;2,31431644466797;8,41666666666667;233;"Estonia";2011;3
"1224";NA;NA;33;234;"Faroe Islands";2011;10
"1225";67,8095238095238;8,2346538366542;13,3333333333333;246;"Finland";2011;4
"1226";NA;NA;17;292;"Gibraltar";2011;12
"1227";NA;NA;NA;32;"Argentina";2011;10
"1228";NA;NA;NA;320;"Guatemala";2011;9
"1229";2,94444444444444;1,71593835683117;2,5;328;"Guyana";2011;11
"1230";0,646733111849391;0,804197184681339;3,86046511627907;372;"Ireland";2011;2
"1231";0,470708184072747;0,686081761944411;1,24607329842932;384;"Ivory Coast";2011;12
"1232";0,151515151515152;0,389249472080762;1,16666666666667;384;"Ivory Coast";2011;2
"1233";0;0;1;388;"Jamaica";2011;12
"1234";62;7,87400787401181;20;428;"Latvia";2011;9
"1235";0;0;1;430;"Liberia";2011;10
"1236";0;0;1;554;"New Zealand";2011;11
"1237";NA;NA;NA;558;"Nicaragua";2011;11
"1238";60,4625;7,77576362809467;7,0625;562;"Niger";2011;1
"1239";0;0;1;566;"Nigeria";2011;4
"1240";0,853260869565217;0,923721207705668;1,375;584;"Marshall Islands";2011;11
"1241";42,88;6,54828221749796;5;604;"Peru";2011;4
"1242";7,02560975609756;2,65058668149102;11,219512195122;616;"Poland";2011;10
"1243";NA;NA;NA;620;"Portugal";2011;6
"1244";NA;NA;NA;643;"Russian Federation";2011;12
"1245";0;0;1;662;"Saint Lucia";2011;11
"1246";0;0;1;690;"Seychelles";2011;9
"1247";4,25641025641026;2,06310694255297;3,22222222222222;702;"Singapore";2011;5
"1248";0;0;1;705;"Slovenia";2011;12
"1249";37,4555052790347;6,12009029990855;6,73076923076923;724;"Spain";2011;11
"1250";64,7015384615385;8,043726652587;7,69230769230769;756;"Switzerland";2011;10
"1251";0,80952380952381;0,899735410842438;2,85714285714286;784;"United Arab Emirates";2011;9
"1252";102,967901234568;10,1473100491987;6,79012345679012;792;"Turkey";2011;6
"1253";0;0;1;800;"Uganda";2011;2
"1254";0;0;20;807;"Macedonia";2011;6
"1255";0,128048780487805;0,357839042710274;1,14634146341463;882;"Samoa";2011;3
"1256";0;0;1;894;"Zambia";2011;9
"1257";0,9;0,948683298050514;1,3;92;"British Virgin Islands";2011;11
"1258";0,105225225225225;0,324384378824297;1,05333333333333;1001;"Taiwan";2012;1
"1259";31,0769230769231;5,57466797907491;6;222;"El Salvador";2012;3
"1260";NA;NA;NA;24;"Angola";2012;8
"1261";0;0;1;250;"France";2012;6
"1262";78,054054054054;8,83482054453026;2,02702702702703;268;"Georgia";2012;10
"1263";0;0;1;270;"Gambia";2012;3
"1264";0;0;1;288;"Ghana";2012;12
"1265";NA;NA;NA;300;"Greece";2012;5
"1266";NA;NA;NA;300;"Greece";2012;6
"1267";4,6105117974484;2,14721023596862;1,40594059405941;364;"Iran";2012;3
"1268";9,65536770044601;3,10730875524883;1,54340836012862;392;"Japan";2012;12
"1269";NA;NA;NA;398;"Kazakhstan";2012;1
"1270";NA;NA;NA;410;"Korea";2012;4
"1271";18,7777777777778;4,33333333333334;1,48148148148148;426;"Lesotho";2012;5
"1272";2,87002042900919;1,69411346403043;2,24719101123596;434;"Libya";2012;7
"1273";0;0;1;44;"Bahamas";2012;5
"1274";66,125;8,1317279836453;1,95833333333333;440;"Lithuania";2012;10
"1275";24,6063416738568;4,9604779682866;1,63934426229508;484;"Mexico";2012;7
"1276";0,295384615384615;0,543492976389406;1,84615384615385;496;"Mongolia";2012;6
"1277";NA;NA;81;499;"Montenegro";2012;10
"1278";188,595238095238;13,7329981466262;3,11904761904762;51;"Armenia";2012;5
"1279";NA;NA;NA;528;"Netherlands";2012;9
"1280";NA;NA;21;531;"Curacao";2012;10
"1281";5,43382352941176;2,33105631193495;3,05882352941176;548;"Vanuatu";2012;10
"1282";0;0;1;60;"Bermuda";2012;12
"1283";NA;NA;65;626;"Timor-Leste";2012;7
"1284";2,4390243902439;1,56173761888606;1,24390243902439;630;"Puerto Rico";2012;11
"1285";0;0;1;642;"Romania";2012;12
"1286";NA;NA;60;674;"San Marino";2012;11
"1287";73,1147086031452;8,55071392359405;3,19148936170213;686;"Senegal";2012;7
"1288";NA;NA;250;688;"Serbia";2012;5
"1289";0;0;1;694;"Sierra Leone";2012;11
"1290";NA;NA;150;703;"Slovakia";2012;3
"1291";1,45454545454545;1,20604537831105;1,36363636363636;796;"Turks and Caicos Islands";2012;11
"1292";222,017699115044;14,9002583573254;1,99115044247788;804;"Ukraine";2012;10
"1293";0;0;1;84;"Belize";2012;3
"1294";0;0;1;840;"US";2012;11
"1295";5,60821256038647;2,36816649760663;2,76086956521739;854;"Burkina Faso";2012;12
"1296";14,1311827956989;3,75914655150593;7,74193548387097;100;"Bulgaria";2013;5
"1297";20,1141304347826;4,48487797323211;5,125;116;"Cambodia";2013;7
"1298";4;2;3;136;"Cayman Islands";2013;5
"1299";NA;NA;NA;152;"Chile";2013;12
"1300";41,2967032967033;6,42625110750454;14,2857142857143;203;"Czech Republic";2013;10
"1301";5,13949579831933;2,26704561011007;3,91428571428571;218;"Ecuador";2013;2
"1302";147,766666666667;12,1559313368687;10,8333333333333;262;"Djibouti";2013;2
"1303";0;0;1;276;"Germany";2013;9
"1304";NA;NA;31;304;"Greenland";2013;3
"1305";0;0;1;308;"Grenada";2013;2
"1306";NA;NA;NA;32;"Argentina";2013;10
"1307";0;0;1;324;"Guinea";2013;9
"1308";34,6928104575163;5,89006031017648;7,11111111111111;340;"Honduras";2013;11
"1309";2,7;1,6431676725155;10,5;352;"Iceland";2013;4
"1310";0;0;1;36;"Australia";2013;9
"1311";NA;NA;120;376;"Israel";2013;1
"1312";154,764615384615;12,4404427326609;23,7307692307692;380;"Italy";2013;2
"1313";NA;NA;NA;40;"Austria";2013;9
"1314";0;0;1;404;"Kenya";2013;3
"1315";12,5;3,53553390593274;12,5;438;"Liechtenstein";2013;2
"1316";66,6666666666667;8,16496580927726;15;442;"Luxembourg";2013;10
"1317";0,202593440122044;0,450103810383831;1,27826086956522;450;"Madagascar";2013;12
"1318";0;0;1;458;"Malaysia";2013;5
"1319";0;0;5;470;"Malta";2013;3
"1320";0;0;1;52;"Barbados";2013;2
"1321";NA;NA;21;533;"Aruba";2013;9
"1322";19,9883040935673;4,47082812167582;8,89473684210526;578;"Norway";2013;9
"1323";5,30707282913165;2,3037084948256;1,23809523809524;586;"Pakistan";2013;5
"1324";18,0261437908497;4,24572064446658;4,44444444444444;600;"Paraguay";2013;4
"1325";13,8255319148936;3,71827001640462;1,24255319148936;608;"Philippines";2013;5
"1326";0;0;1;64;"Bhutan";2013;5
"1327";NA;NA;NA;716;"Zimbabwe";2013;7
"1328";2,10229885057471;1,44993063647014;3,03333333333333;768;"Togo";2013;7
"1329";NA;NA;NA;8;"Albania";2013;5
"1330";14,1311827956989;3,75914655150593;7,74193548387097;100;"Bulgaria";2014;10
"1331";15,5587301587302;3,9444556226088;4,61111111111111;170;"Colombia";2014;3
"1332";28,1428571428571;5,30498417932204;8,14285714285714;188;"Costa Rica";2014;2
"1333";NA;NA;50;242;"Fiji";2014;9
"1334";NA;NA;31;304;"Greenland";2014;11
"1335";79,1028037383178;8,89397569922011;1,85981308411215;348;"Hungary";2014;4
"1336";0;0;1;356;"India";2014;5
"1337";3,9377990430622;1,98438883363674;7,27272727272727;360;"Indonesia";2014;4
"1338";9,80873245473053;3,13188959810695;1,55228758169935;392;"Japan";2014;12
"1339";72,5;8,5146931829632;20;428;"Latvia";2014;10
"1340";0;0;1;450;"Madagascar";2014;8
"1341";0;0;1;454;"Malawi";2014;5
"1342";0;0;1;462;"Maldives";2014;3
"1343";0;0;1;48;"Bahrain";2014;11
"1344";0,0476190476190476;0,218217890235992;2,95238095238095;480;"Mauritius";2014;12
"1345";NA;NA;9;500;"Montserrat";2014;9
"1346";144,072727272727;12,0030299205129;22,5454545454545;508;"Mozambique";2014;10
"1347";NA;NA;96;516;"Namibia";2014;11
"1348";33,3472222222222;5,77470537969014;1,68055555555556;554;"New Zealand";2014;9
"1349";NA;NA;NA;56;"Belgium";2014;5
"1350";1,1871921182266;1,08958346088154;3,51724137931034;624;"Guinea-Bissau";2014;4
"1351";0;0;1;68;"Bolivia";2014;10
"1352";NA;NA;250;688;"Serbia";2014;3
"1353";2,17777777777778;1,47572957474524;4,2;70;"Bosnia and Herzegovina";2014;10
"1354";0;0;1;705;"Slovenia";2014;7
"1355";195,694444444444;13,9890830451622;22,2222222222222;710;"South Africa";2014;5
"1356";0;0;1;72;"Botswana";2014;10
"1357";53,820197044335;7,33622498594032;12,0344827586207;752;"Sweden";2014;9
"1358";263,692307692308;16,2386054725247;19;76;"Brazil";2014;10
"1359";0;0;1;776;"Tonga";2014;11
"1360";222,017699115044;14,9002583573254;1,99115044247788;804;"Ukraine";2014;11
"1361";90,25;9,5;13,6666666666667;807;"Macedonia";2014;4
"1362";0;0;1;840;"US";2014;11
"1363";78,5087719298246;8,86051758814487;5,21052631578947;858;"Uruguay";2014;10
"1364";0;0;1;90;"Solomon Islands";2014;11
"1365";0;0;1;104;"Myanmar";2015;11
"1366";0;0;1;124;"Canada";2015;10
"1367";16,4675324675325;4,05802075740533;8,90909090909091;144;"Sri Lanka";2015;8
"1368";0;0;1;174;"Comoros";2015;1
"1369";40,1102941176471;6,33326883352089;8,88235294117647;191;"Croatia";2015;11
"1370";18;4,24264068711928;3,5;20;"Andorra";2015;3
"1371";69,719696969697;8,34983215218707;13,4166666666667;208;"Denmark";2015;6
"1372";31,0769230769231;5,57466797907491;6;222;"El Salvador";2015;3
"1373";8,99242424242424;2,99873710792131;8,41666666666667;233;"Estonia";2015;3
"1374";NA;NA;33;234;"Faroe Islands";2015;9
"1375";68,0897435897436;8,25165096145878;15,3846153846154;246;"Finland";2015;4
"1376";NA;NA;NA;300;"Greece";2015;1
"1377";NA;NA;NA;300;"Greece";2015;9
"1378";0;0;1;31;"Azerbaijan";2015;11
"1379";46,4275362318841;6,81377547559971;5,41666666666667;32;"Argentina";2015;10
"1380";42,606884057971;6,52739489061072;6,54166666666667;320;"Guatemala";2015;9
"1381";2,94444444444444;1,71593835683117;2,5;328;"Guyana";2015;5
"1382";NA;NA;120;376;"Israel";2015;3
"1383";18,7777777777778;4,33333333333334;1,48148148148148;426;"Lesotho";2015;2
"1384";0;0;1;583;"Micronesia";2015;3
"1385";0,853260869565217;0,923721207705668;1,375;584;"Marshall Islands";2015;11
"1386";7,02560975609756;2,65058668149102;11,219512195122;616;"Poland";2015;10
"1387";137,307359307359;11,7178222937267;10,4545454545455;620;"Portugal";2015;10
"1388";0;0;1;659;"Saint Kitts and Nevis";2015;2
"1389";0;0;1;670;"St. Vincent and the Grenadines";2015;12
"1390";3,85221674876847;1,96270648563876;3,06896551724138;702;"Singapore";2015;9
"1391";37,3770739064857;6,11367924465176;6,73076923076923;724;"Spain";2015;12
"1392";19,4333333333333;4,40832545682976;5,1;740;"Suriname";2015;5
"1393";66,3815384615385;8,14748663463393;7,69230769230769;756;"Switzerland";2015;10
"1394";0;0;1;780;"Trinidad and Tobago";2015;9
"1395";35,2625170998632;5,93822507992609;6,54651162790698;792;"Turkey";2015;11
"1396";35,1806722689076;5,93132972181682;6,47058823529412;792;"Turkey";2015;6
"1397";0;0;1;826;"UK";2015;5
"1398";0;0;1;834;"Tanzania";2015;10
"1399";5,60821256038647;2,36816649760663;2,76086956521739;854;"Burkina Faso";2015;11
"1400";0,9;0,948683298050514;1,3;92;"British Virgin Islands";2015;6
"1401";0,105225225225225;0,324384378824297;1,05333333333333;1001;"Taiwan";2016;1
"1402";29,4358974358974;5,4254859170306;5,53846153846154;132;"Cape Verde";2016;3
"1403";40,1102941176471;6,33326883352089;8,88235294117647;191;"Croatia";2016;9
"1404";40,6666666666667;6,37704215656967;9,33333333333333;196;"Cyprus";2016;5
"1405";NA;NA;NA;214;"Dominican Republic";2016;5
"1406";78,054054054054;8,83482054453026;2,02702702702703;268;"Georgia";2016;10
"1407";0;0;1;288;"Ghana";2016;12
"1408";NA;NA;1;31;"Azerbaijan";2016;6
"1409";2,7;1,6431676725155;10,5;352;"Iceland";2016;10
"1410";0;0;1;36;"Australia";2016;7
"1411";0,63525641025641;0,797029742391343;3,925;372;"Ireland";2016;2
"1412";0,450023912003826;0,67083821596852;1,24390243902439;384;"Ivory Coast";2016;12
"1413";0;0;1;388;"Jamaica";2016;2
"1414";NA;NA;98;398;"Kazakhstan";2016;5
"1415";NA;NA;81;499;"Montenegro";2016;10
"1416";0,553571428571429;0,744023809142845;2,375;520;"Nauru";2016;7
"1417";5,51633986928105;2,34868896818652;2,88888888888889;548;"Vanuatu";2016;1
"1418";140,683823529412;11,8610211840892;10,0588235294118;562;"Niger";2016;2
"1419";17,0996677740864;4,13517445509695;7,25581395348837;642;"Romania";2016;12
"1420";0;0;1;662;"Saint Lucia";2016;6
"1421";NA;NA;60;674;"San Marino";2016;11
"1422";NA;NA;250;688;"Serbia";2016;4
"1423";0;0;1;690;"Seychelles";2016;9
"1424";NA;NA;150;703;"Slovakia";2016;3
"1425";37,8084464555053;6,14885732925275;6,73076923076923;724;"Spain";2016;6
"1426";0,275228917973057;0,524622643404816;1,04156479217604;800;"Uganda";2016;2
"1427";0;0;1;840;"US";2016;11
"1428";0;0;1;882;"Samoa";2016;3
"1429";0;0;1;894;"Zambia";2016;8
"1430";15,5483870967742;3,94314431599633;7,5;100;"Bulgaria";2017;3
"1431";43,4505494505495;6,59170307663729;14,2857142857143;203;"Czech Republic";2017;10
"1432";822,368421052632;28,6769667338202;11,5789473684211;24;"Angola";2017;8
"1433";0;0;1;250;"France";2017;6
"1434";0;0;1;270;"Gambia";2017;4
"1435";34,6928104575163;5,89006031017648;7,11111111111111;340;"Honduras";2017;11
"1436";2,7;1,6431676725155;10,5;352;"Iceland";2017;10
"1437";18,7777777777778;4,33333333333334;1,48148148148148;426;"Lesotho";2017;6
"1438";0;0;1;430;"Liberia";2017;10
"1439";0;0;5;470;"Malta";2017;6
"1440";204,269230769231;14,2922787115712;7,5;51;"Armenia";2017;4
"1441";NA;NA;NA;528;"Netherlands";2017;3
"1442";19,9883040935673;4,47082812167582;8,89473684210526;578;"Norway";2017;9
"1443";0;0;1;776;"Tonga";2017;11
"1444";65,8787878787879;8,1165748859225;11,6666666666667;8;"Albania";2017;6
"1445";0;0;1;826;"UK";2017;6
"1446";0;0;1;266;"Gabon";2018;10
"1447";625,420832439391;25,0084152324651;2,65822784810127;380;"Italy";2018;3
"1448";5,40952380952381;2,32583830253176;8,53333333333333;422;"Lebanon";2018;4
"1449";0;0;1;458;"Malaysia";2018;4
"1450";19,437908496732;4,40884434934281;4,44444444444444;600;"Paraguay";2018;4
"1451";0;0;1;694;"Sierra Leone";2018;3
